id,name,email,city,country,signup_date
1,Allison Hill,donaldgarcia@example.net,London,UK,2026-03-31
2,Javier Johnson,jesseguzman@example.net,New York,US,2024-03-01
3,Kimberly Robinson,lisa02@example.net,Berlin,DE,2024-11-02
4,Daniel Gallagher,daviscolin@example.com,Sydney,AU,2025-05-19
5,Monica Herrera,smiller@example.net,Sydney,AU,2025-06-04
6,Laura Bush,stanleykendra@example.org,Tokyo,JP,2026-02-19
7,Jamie Chavez,francisco53@example.net,London,UK,2024-05-15
8,Maria Lynch,amandasanchez@example.com,Toronto,CA,2024-09-15
9,Margaret Hawkins DDS,perezantonio@example.com,London,UK,2024-10-09
10,Thomas Bradley,jason76@example.net,Seoul,KR,2024-12-11
11,David Hoffman,julie69@example.com,São Paulo,BR,2024-08-27
12,Brenda Snyder PhD,hernandezernest@example.net,New York,US,2024-11-01
13,James Ferrell,tasha01@example.net,New York,US,2026-03-23
14,Patricia Peterson,ryan70@example.net,London,UK,2026-03-13
15,Jonathan White,harrellkenneth@example.net,Sydney,AU,2025-02-03
16,James Martin,georgetracy@example.org,Sydney,AU,2026-05-11
17,Sandra Parker,allenashley@example.org,Toronto,CA,2023-10-29
18,Mr. Philip Cannon,donnaarroyo@example.org,Seoul,KR,2024-05-13
19,Jenny Lewis,jenniferross@example.net,New York,US,2025-07-09
20,Joseph Martinez,calebsmith@example.net,Toronto,CA,2024-04-05
21,Benjamin Welch,carlosjohnson@example.com,Sydney,AU,2023-10-13
22,Michael Lewis,jenniferkhan@example.net,Toronto,CA,2024-12-27
23,Rhonda Lee,hopkinsmichael@example.com,São Paulo,BR,2024-12-20
24,Megan Joyce,brownjessica@example.org,Sydney,AU,2024-04-25
25,Jerry Henderson,steven17@example.net,Cairo,EG,2023-11-12
26,Kimberly Smith,housemelinda@example.org,Seoul,KR,2024-10-15
27,Dr. Steven Martin,gallowayjoseph@example.com,Berlin,DE,2024-06-04
28,Monica Logan,smoore@example.org,New York,US,2026-06-23
29,Kimberly Adkins,williamsthomas@example.net,Tokyo,JP,2024-01-16
30,Angela Lopez,leonardjoe@example.org,São Paulo,BR,2026-05-24
31,Lauren Williams,barnesbrandy@example.net,Mumbai,IN,2024-07-08
32,Michael Edwards,randy47@example.com,Berlin,DE,2026-05-11
33,Alexandra Howell,jonesjason@example.com,Tokyo,JP,2023-12-20
34,Benjamin Sanchez,eric84@example.net,Sydney,AU,2026-07-10
35,Kendra Contreras,sarah12@example.com,Mumbai,IN,2023-12-01
36,Juan Nelson,jenniferharris@example.net,London,UK,2026-02-16
37,Danielle Odonnell,davisrodney@example.com,London,UK,2023-09-14
38,Carlos Whitney,joycearnold@example.com,São Paulo,BR,2025-04-02
39,Tony Vazquez,amydavenport@example.net,London,UK,2025-03-24
40,Andrew Diaz,nolanjason@example.org,Mumbai,IN,2025-07-27
41,Justin Baxter,sarayoung@example.org,Mumbai,IN,2026-07-01
42,Sierra Johnson,kimberly63@example.com,Seoul,KR,2024-01-18
43,Janet Williams,dwalker@example.com,Berlin,DE,2024-06-26
44,Crystal Johnson,raymondramirez@example.org,New York,US,2026-06-21
45,Martin Ross,sheila14@example.org,Cairo,EG,2025-04-24
46,Mrs. Linda Reed,samuel81@example.com,Toronto,CA,2026-04-08
47,Andrew Graham,michaeljones@example.net,London,UK,2026-05-02
48,Mary Martinez,william65@example.com,São Paulo,BR,2025-08-30
49,Cheryl Ortega,lbyrd@example.net,London,UK,2025-04-11
50,Roy Torres,russellcarpenter@example.net,Toronto,CA,2024-07-15
51,Michael Dixon,donnacampbell@example.net,Berlin,DE,2025-06-20
52,Robert Potter,jeffrey32@example.org,Seoul,KR,2023-09-16
53,Miss Patricia Gibson,jennifercruz@example.com,Mumbai,IN,2024-04-20
54,Abigail Potter,osbornejeffery@example.net,Seoul,KR,2025-02-14
55,David Charles,danderson@example.net,Sydney,AU,2025-03-01
56,Emily Fischer,usalazar@example.net,London,UK,2024-11-06
57,Jill Moore,wcole@example.org,New York,US,2026-02-02
58,Richard Washington,joshuajones@example.com,Sydney,AU,2024-04-10
59,Steven Miller,jessebenson@example.net,Berlin,DE,2024-03-18
60,Gary Owens,clarkrobert@example.net,London,UK,2026-05-29
61,Spencer Johnston,wsmith@example.com,Sydney,AU,2025-10-30
62,Tiffany Barnes,tracynelson@example.com,London,UK,2023-08-28
63,Michael Powell,marycalhoun@example.net,São Paulo,BR,2025-03-04
64,Leslie Alvarado,dayderek@example.com,Berlin,DE,2024-02-12
65,Garrett Gibson,kathleen64@example.com,Cairo,EG,2024-04-29
66,Alec Ryan,jeffrey10@example.org,Mumbai,IN,2026-06-02
67,Alex Hernandez,thomaswilson@example.org,Tokyo,JP,2024-12-18
68,Jacob Obrien,stricklandfrank@example.com,Mumbai,IN,2023-11-23
69,Eric Byrd,tsanders@example.org,Mumbai,IN,2023-10-19
70,Lori Garcia,melissa91@example.net,Sydney,AU,2025-12-01
71,Jeffrey Wood,alexander67@example.org,Berlin,DE,2024-11-14
72,Steven Stevens,ryangross@example.net,London,UK,2024-05-19
73,Kimberly Webb,lpetersen@example.com,Seoul,KR,2024-07-15
74,Timothy Ramirez,dsanchez@example.net,Tokyo,JP,2025-05-26
75,Allen Rosales,tonykelly@example.com,Toronto,CA,2024-08-04
76,Meredith Hill,blackjames@example.org,Sydney,AU,2025-09-24
77,Peter Vaughn DDS,bwest@example.org,Tokyo,JP,2024-06-14
78,David Beck,thomas85@example.com,Cairo,EG,2026-07-24
79,Heather Chavez,john13@example.com,São Paulo,BR,2023-12-06
80,Pamela Lopez,joannahill@example.net,Berlin,DE,2026-07-02
81,Diane Garcia,kennethward@example.com,Toronto,CA,2023-08-12
82,Denise Mccann,heidi27@example.org,Sydney,AU,2026-03-10
83,Julie Alexander,tammyking@example.com,Mumbai,IN,2023-11-30
84,John Ray,hernandezlisa@example.com,New York,US,2023-10-29
85,Justin Butler,kimberlyjames@example.com,Sydney,AU,2024-06-17
86,Jessica Carroll,lynchjody@example.org,New York,US,2025-06-12
87,Brad Allen,moorericky@example.net,Mumbai,IN,2025-05-08
88,David Mann,ojones@example.com,São Paulo,BR,2025-12-07
89,Mary Peck,owilson@example.net,Berlin,DE,2024-01-07
90,Charles Brown,brooke94@example.com,London,UK,2023-12-11
91,Melissa Bender,mkim@example.org,Sydney,AU,2026-03-28
92,Lindsey Johnson,suzannehuff@example.net,Seoul,KR,2025-05-01
93,Phillip Underwood,hinesgregory@example.net,Mumbai,IN,2025-07-11
94,Catherine Richards,ecosta@example.com,Sydney,AU,2024-10-17
95,Brian Martin,ssteele@example.net,Cairo,EG,2026-05-28
96,Krista Gibson,johnny16@example.net,São Paulo,BR,2026-01-17
97,Sean Murray,lopezmichael@example.com,Cairo,EG,2025-06-12
98,Christina Dunn,samuel71@example.org,Tokyo,JP,2026-06-28
99,Cynthia Moore,tranchristopher@example.org,Berlin,DE,2024-12-14
100,Ronnie Jimenez,william46@example.com,Tokyo,JP,2026-07-06
101,Juan Reyes,michellehill@example.com,Sydney,AU,2024-08-03
102,Debra Smith,mary97@example.org,Toronto,CA,2024-11-28
103,Mr. Phillip Bennett,molly39@example.com,Toronto,CA,2024-04-08
104,Amanda Garner,qhughes@example.net,Berlin,DE,2026-07-06
105,Andrew Shaw MD,sawyerscott@example.net,Seoul,KR,2026-04-20
106,Charles Pitts,charlesharrington@example.com,São Paulo,BR,2024-08-02
107,Marie Christian,ofinley@example.net,Seoul,KR,2026-03-26
108,Joshua Williamson II,wendy16@example.org,São Paulo,BR,2025-11-07
109,Ashlee Jackson,rebecca05@example.org,Mumbai,IN,2024-06-13
110,Charles Schmidt,georgemiller@example.com,Sydney,AU,2025-06-06
111,Thomas Thomas,dlittle@example.com,Tokyo,JP,2025-07-27
112,Julie Roberts,charleslandry@example.net,Toronto,CA,2024-06-19
113,Melissa Bryant,james67@example.org,Cairo,EG,2024-04-12
114,Laura Haney,andrew64@example.org,London,UK,2025-04-08
115,Natasha Williams,swall@example.org,New York,US,2025-05-23
116,Mark Oliver,courtneyberger@example.net,London,UK,2023-09-09
117,Amanda Diaz,christopherphillips@example.net,Tokyo,JP,2024-10-25
118,Richard Walter,alyssa42@example.com,Tokyo,JP,2026-04-24
119,Tracy Phillips,linda71@example.org,São Paulo,BR,2025-10-31
120,Michael Craig,zcoffey@example.net,Seoul,KR,2024-08-31
121,Alexis Herrera,vrichardson@example.net,London,UK,2024-05-10
122,Mark Watson,thomasharvey@example.net,São Paulo,BR,2024-07-21
123,Maria Reid,tblankenship@example.net,São Paulo,BR,2024-10-17
124,Tracy Torres,pwilson@example.net,Seoul,KR,2023-12-23
125,Michael Paul,umatthews@example.org,Cairo,EG,2026-03-24
126,Sandra Gilbert,antonio53@example.com,Toronto,CA,2024-11-26
127,Jack Pollard,amy50@example.com,Berlin,DE,2024-05-25
128,Tiffany Holloway,batesdarlene@example.net,Toronto,CA,2026-06-26
129,Gavin Zhang,caseyhubbard@example.org,New York,US,2025-04-30
130,Crystal Schroeder,ramireztracey@example.org,London,UK,2025-03-11
131,Ashley Delacruz,alexistyler@example.org,Toronto,CA,2025-05-03
132,Derek Martinez,vfox@example.org,Berlin,DE,2024-12-30
133,Kayla Rodriguez,soniawilliams@example.net,Mumbai,IN,2025-02-18
134,Victor Brown,bboone@example.net,London,UK,2023-11-23
135,Jill Lam,charlene12@example.com,Berlin,DE,2025-06-11
136,Michelle James,shawn96@example.org,São Paulo,BR,2025-12-13
137,Matthew Rich,russellbeasley@example.com,Tokyo,JP,2024-08-02
138,Jason Davis,qedwards@example.com,Cairo,EG,2026-06-07
139,Kara Davis,daviscolin@example.net,New York,US,2024-09-08
140,Anthony Frye,elizabeth65@example.net,Berlin,DE,2026-05-24
141,Thomas Williams,caroline51@example.net,Toronto,CA,2025-02-03
142,John Boone,megan51@example.com,Tokyo,JP,2025-04-17
143,Sarah Villegas,lynchdiane@example.net,Toronto,CA,2024-05-16
144,Michael Parker,michael22@example.net,London,UK,2025-07-17
145,Patrick Bonilla,reesejason@example.com,Berlin,DE,2024-12-06
146,Eric Nguyen,wareeric@example.net,Toronto,CA,2023-09-20
147,Jeremy Coleman,nperry@example.net,Seoul,KR,2023-11-29
148,Douglas Gregory,trose@example.org,Sydney,AU,2024-03-25
149,Mrs. Christine Dougherty,kathrynroberts@example.org,Tokyo,JP,2023-08-05
150,Casey James,vincentwhitaker@example.com,Mumbai,IN,2023-10-14
151,Amanda Smith,atkinsbarbara@example.net,Tokyo,JP,2024-10-13
152,Donna Sullivan,george97@example.net,Toronto,CA,2026-05-01
153,Ryan Sanchez,zwarren@example.com,Toronto,CA,2025-10-22
154,Richard Jones,schmidtjames@example.com,New York,US,2024-08-15
155,Maria Hernandez,thomasjames@example.net,Seoul,KR,2024-01-11
156,Angela Bean,kmarshall@example.net,Mumbai,IN,2024-12-01
157,Kristy Reid,michelle52@example.com,Cairo,EG,2023-10-10
158,Eric Hill,bellcharles@example.com,New York,US,2024-12-04
159,Ronald Jones,gilbertwilliam@example.com,London,UK,2025-04-24
160,Nancy Williams,marcalvarez@example.org,Mumbai,IN,2026-06-11
161,Robert Monroe,wagnergerald@example.org,Berlin,DE,2025-09-10
162,Kelly Bishop MD,paul59@example.org,Sydney,AU,2025-12-08
163,Andrea Davis,umitchell@example.net,New York,US,2026-06-18
164,Brittany Miller,sabrinacollins@example.net,Sydney,AU,2025-08-31
165,Kurt Hurley,angelica52@example.net,Seoul,KR,2025-09-05
166,Yolanda Gaines,lucasrodney@example.com,London,UK,2023-08-16
167,Trevor Peterson,ilee@example.org,London,UK,2023-10-20
168,Ashley Wise,stanleynancy@example.net,Cairo,EG,2023-12-18
169,Christopher Guerra,jenniferwilliams@example.com,London,UK,2025-08-07
170,Jeremy Mitchell,pyoung@example.com,Toronto,CA,2026-06-20
171,Stephanie Lee,smurray@example.com,Tokyo,JP,2025-01-29
172,Christopher Gonzalez,moniquewilliams@example.com,Tokyo,JP,2026-03-12
173,Ashley Singleton,mitchellkathryn@example.com,Cairo,EG,2024-12-01
174,Sandra Davis,lisawilkerson@example.org,Toronto,CA,2024-10-24
175,James Hughes,brooksanthony@example.org,Tokyo,JP,2026-02-01
176,Raven Taylor,samantha72@example.net,Berlin,DE,2024-12-23
177,Susan Smith,marydunn@example.net,Toronto,CA,2025-05-25
178,Ricardo Young,williamsrobert@example.net,Seoul,KR,2024-12-09
179,Taylor Carlson,chenbailey@example.net,São Paulo,BR,2024-01-01
180,Lucas Allen,qlopez@example.org,Sydney,AU,2025-02-20
181,Troy Stephens,myerstheodore@example.net,Toronto,CA,2024-09-24
182,Paul Kelly,cooperjessica@example.net,Sydney,AU,2023-11-18
183,Nicole Anderson,amy27@example.net,Berlin,DE,2025-01-02
184,Chad Baldwin,mjohnson@example.org,São Paulo,BR,2025-12-11
185,Emily Collins,ihays@example.com,Mumbai,IN,2024-04-30
186,Cheryl Kelly,glennmartin@example.org,Cairo,EG,2025-12-20
187,James Gonzales,lmorgan@example.com,Toronto,CA,2025-08-24
188,Robert Adams,acostachristian@example.net,Cairo,EG,2026-07-22
189,Edward Garcia,donna47@example.net,London,UK,2025-09-21
190,Jeremy West,christina64@example.net,Sydney,AU,2026-07-06
191,Angela Walsh,william20@example.org,Sydney,AU,2026-02-12
192,Jessica Martinez,kimberlydiaz@example.com,London,UK,2026-06-02
193,Christian Cole,nathan19@example.org,Mumbai,IN,2025-02-27
194,Matthew Wright,johnsonjacob@example.net,New York,US,2024-09-24
195,Deborah Green,nlewis@example.com,Seoul,KR,2025-08-26
196,Mrs. Brandy Jones MD,zosborn@example.net,Toronto,CA,2026-06-22
197,Miss Michelle Pierce,patricia22@example.com,Sydney,AU,2025-02-04
198,Curtis Taylor,jjohnson@example.net,Seoul,KR,2024-09-04
199,Kristen Salazar,jonesraymond@example.net,Sydney,AU,2025-09-22
200,Patricia Morrow,martinezlogan@example.org,New York,US,2024-12-02
