id,repo_id,author,message,additions,deletions,committed_at
1,12,jeffrey88,Reach determine hear leg quickly real character young.,470,18,2025-07-11
2,26,vrasmussen,Indeed which break wait center.,253,95,2025-03-08
3,19,jeffrey88,Six miss give best reveal laugh attack.,19,4,2024-08-25
4,20,jacqueline89,Against gas body son.,308,54,2026-06-03
5,22,ichambers,Might necessary former interview left.,232,328,2026-02-27
6,35,ystephens,Continue policy it ahead pass culture or home.,252,68,2025-12-21
7,33,iaguilar,Everything region somebody officer son.,139,98,2025-08-20
8,8,john26,For leader energy television month police.,83,374,2025-10-03
9,30,rodriguezjohn,Hotel box goal leader common purpose song try.,131,367,2025-09-28
10,12,erinpierce,Finish draw bring health.,377,172,2024-11-04
11,19,jacqueline89,Industry case himself control player really.,345,387,2025-11-07
12,13,ssalinas,Never majority cell fire.,312,327,2025-06-18
13,26,grodriguez,Tend weight machine.,218,263,2024-12-13
14,21,nhahn,White measure manager range indeed style.,205,342,2025-07-16
15,7,ssalinas,Not somebody determine allow.,71,244,2025-01-04
16,21,jeffrey88,Collection leader score she near.,127,3,2024-10-14
17,17,mjones,Environmental myself yard my.,120,228,2026-01-28
18,18,john26,National wrong bill stop seem fear.,154,298,2026-07-24
19,37,erinpierce,Enjoy television beautiful tend bring speech decide.,133,334,2026-01-14
20,24,gabriel90,Technology particular into pattern size spend.,120,31,2026-03-04
21,8,iaguilar,Go exactly much food region eye environment.,157,81,2026-04-12
22,26,rodriguezjohn,Career seek in arrive.,257,360,2025-02-11
23,20,gabriel90,Reduce car chair focus.,60,327,2025-01-20
24,19,john26,Majority officer environmental increase later plant.,314,113,2026-04-28
25,15,ssalinas,Idea seek reason theory.,244,78,2025-06-21
26,30,gabriel90,Force able similar run room learn professional.,310,191,2025-04-11
27,27,gabriel90,Somebody huge why station.,281,241,2025-07-20
28,35,vrasmussen,Stock front official not magazine gas.,340,111,2025-12-04
29,16,rodriguezjohn,Animal phone student.,386,305,2024-08-04
30,6,ystephens,Kid a when dark.,228,270,2025-12-09
31,24,nhahn,Think few themselves theory.,469,288,2024-09-30
32,8,erinpierce,Economy head tough close how figure.,424,280,2025-12-17
33,33,fuenteslaura,Investment before believe degree back.,293,274,2025-09-30
34,10,ssalinas,Quite act receive stage write institution car.,167,266,2024-09-13
35,29,nhahn,Become south billion happen federal him.,348,105,2026-03-10
36,38,iaguilar,Political quality attention none.,46,261,2025-10-13
37,29,vrasmussen,Key reveal physical character.,28,232,2025-05-20
38,9,ystephens,Team beautiful beyond sell operation himself.,212,233,2026-06-28
39,37,erinpierce,Social easy popular easy over return.,286,236,2025-02-17
40,20,gabriel90,Summer probably feeling.,11,202,2025-08-06
41,17,grodriguez,Country hot position six soldier dream history.,1,381,2025-01-16
42,14,jacqueline89,Audience thousand activity guess first hit stuff inside.,37,23,2025-08-27
43,28,john26,Several west side admit.,358,32,2024-09-11
44,35,erinpierce,Democratic two we huge expert.,478,35,2025-12-26
45,31,erinpierce,Interest I policy Mrs check base.,146,209,2024-09-19
46,12,vrasmussen,Window choice force only shake.,69,392,2025-11-11
47,27,john26,Financial join well draw.,456,195,2025-01-18
48,29,grodriguez,Break partner area program price compare.,469,193,2024-08-02
49,25,nhahn,Reduce clearly well mission.,349,338,2026-02-16
50,35,ssalinas,Cold camera sit environmental though.,334,178,2026-02-07
51,8,ssalinas,Friend investment model.,275,201,2025-02-01
52,34,ssalinas,Physical many member area teacher cold church.,372,114,2026-02-09
53,1,vrasmussen,Purpose boy scientist able teach activity animal.,11,152,2025-04-16
54,30,rodriguezjohn,Condition whether along sort.,368,278,2025-12-27
55,28,ystephens,Different eat trouble floor step number.,194,117,2024-10-19
56,16,iaguilar,Conference source wonder.,177,79,2026-06-21
57,18,fuenteslaura,Theory tend similar financial.,479,371,2024-09-25
58,8,erinpierce,Account customer nor fight performance less option.,414,338,2025-07-19
59,27,jacqueline89,Run national somebody character usually.,392,8,2024-08-10
60,16,fuenteslaura,Get style theory week ability price support.,34,51,2026-01-06
61,39,erinpierce,Day work information which.,228,306,2026-07-04
62,4,fuenteslaura,Republican behavior TV today.,379,22,2025-08-07
63,26,iaguilar,Learn security oil measure PM hour.,119,276,2025-09-29
64,14,vrasmussen,Itself who door end.,442,397,2025-03-11
65,4,ssalinas,Red save fish evening avoid dark.,257,148,2026-02-14
66,15,grodriguez,Board black last finish building group show later.,469,374,2025-06-27
67,37,john26,Bed space fight relate.,295,306,2025-10-08
68,21,fuenteslaura,Structure foreign before eat green.,154,73,2025-08-03
69,34,fuenteslaura,Employee wrong all identify laugh.,211,153,2026-01-21
70,18,erinpierce,Behind big soldier building article.,285,302,2026-02-14
71,12,rodriguezjohn,Candidate statement head piece popular.,347,218,2025-09-22
72,36,iaguilar,True avoid young cup position.,24,176,2026-03-07
73,25,vrasmussen,Toward stop former amount.,268,163,2025-06-25
74,27,mjones,Under item right many.,76,153,2025-04-29
75,25,ssalinas,Common Democrat cost evidence third alone.,386,275,2025-10-19
76,31,fuenteslaura,Positive material third look because.,434,115,2025-04-29
77,20,grodriguez,Current this moment piece soon some.,362,73,2026-07-17
78,30,jeffrey88,Look sit general not focus establish.,29,287,2024-08-12
79,27,mjones,Despite time sing around yard morning short yourself.,285,271,2026-07-05
80,9,mjones,Easy drop move social.,124,130,2026-01-13
81,14,john26,Offer work home very yard.,331,40,2024-11-27
82,29,grodriguez,Or south recently trial agreement.,189,47,2025-12-18
83,35,gabriel90,Nor none could write think man finally.,424,97,2025-07-17
84,4,ichambers,Argue own after long.,193,344,2025-03-23
85,39,jacqueline89,Cut candidate response try such food against only.,20,37,2026-05-25
86,13,vrasmussen,Suffer team whether health.,389,300,2026-06-12
87,36,fuenteslaura,Only from follow wish run join.,245,106,2025-11-03
88,22,ichambers,Power company why really up skin development.,489,7,2025-09-27
89,14,jeffrey88,Her safe family concern.,97,379,2024-07-25
90,8,gabriel90,Hot yes whole allow own TV whose.,386,245,2025-01-01
91,16,gabriel90,Bit many former back get floor player.,309,360,2026-06-28
92,14,mjones,Land enter economic attack either blue.,468,122,2024-07-24
93,36,john26,Just information coach increase think goal.,397,144,2025-04-24
94,25,iaguilar,Small official serve difficult later son almost.,273,332,2024-08-07
95,23,ichambers,Weight avoid color heart rule.,133,184,2025-08-27
96,33,jeffrey88,Full world throw relate.,254,238,2025-06-04
97,7,vrasmussen,Parent its approach former.,369,240,2026-07-06
98,21,jeffrey88,Recent reveal role enter example down.,104,189,2024-08-29
99,21,mjones,Near make approach about because station person.,23,288,2025-07-10
100,15,gabriel90,Agent color factor bank.,74,8,2026-04-01
101,17,ystephens,Size likely thus enter politics.,478,299,2025-05-03
102,38,gabriel90,Those hard knowledge enjoy let difficult.,213,151,2025-02-05
103,10,fuenteslaura,Character recent benefit property.,168,117,2026-03-06
104,25,jacqueline89,Wife operation network subject stand industry.,426,125,2025-08-19
105,32,ystephens,Of dog federal house take alone number.,335,350,2025-08-05
106,22,ichambers,Quality per build serious common worker will.,390,250,2026-03-06
107,32,iaguilar,Amount bad raise dark.,86,375,2026-03-17
108,23,ssalinas,Street election treat trial.,71,368,2024-09-10
109,35,iaguilar,News need task mind true actually.,94,277,2025-12-18
110,4,ystephens,Mission information increase challenge onto serve vote understand.,17,38,2025-09-08
111,4,vrasmussen,Size test they there.,3,211,2025-02-02
112,9,grodriguez,Occur list common idea peace race I.,322,118,2025-05-09
113,5,gabriel90,Real any little environmental head full.,77,4,2026-02-24
114,14,ystephens,Exactly man receive better than.,233,191,2024-10-30
115,4,jacqueline89,Similar fly rock painting become kid.,326,341,2026-05-22
116,40,jeffrey88,Scientist service test start middle city.,247,337,2025-03-08
117,32,erinpierce,Idea sister modern notice community themselves customer.,3,272,2024-09-04
118,36,mjones,Lead truth relate.,6,8,2025-02-09
119,34,gabriel90,Measure play buy air head order concern.,140,274,2026-04-21
120,19,erinpierce,Necessary general study else store bed agree anyone.,257,357,2026-04-09
121,28,vrasmussen,Tax positive question especially important.,481,91,2024-08-07
122,7,jeffrey88,Listen car community.,49,268,2026-03-01
123,10,fuenteslaura,Education source figure whom poor.,98,317,2025-05-29
124,34,ichambers,Surface learn design few minute perhaps.,417,181,2025-09-24
125,18,vrasmussen,Memory production successful.,203,40,2025-04-23
126,24,mjones,Participant fear blue as write political technology end.,235,289,2025-12-25
127,16,gabriel90,Could military drive arm tax.,115,153,2026-03-08
128,6,rodriguezjohn,Produce race return pretty young else.,439,332,2025-05-25
129,3,nhahn,Say on yes staff gas require.,207,194,2025-12-07
130,25,ystephens,Trade public medical suddenly subject theory Congress.,243,28,2024-10-03
131,1,gabriel90,Scientist rise next tree.,87,42,2026-06-16
132,32,grodriguez,Pressure develop development the inside thought.,222,330,2025-04-21
133,22,jacqueline89,Family surface like term on want author threat.,500,48,2025-07-24
134,34,jeffrey88,Morning including that character yeah garden.,21,117,2026-07-15
135,14,jeffrey88,Century television Congress ball forward would finish.,444,354,2024-09-04
136,37,iaguilar,Event seven collection share majority shake because.,138,23,2025-10-16
137,5,rodriguezjohn,Idea whole himself also current health.,473,143,2024-08-03
138,35,jacqueline89,Series most adult above safe difficult.,336,16,2026-04-26
139,12,jeffrey88,Can himself open cold statement.,435,161,2025-02-26
140,2,fuenteslaura,Lay minute model its rather.,300,73,2024-10-29
141,26,jeffrey88,Grow could way truth idea direction road.,39,153,2024-10-27
142,11,jacqueline89,Operation college hand.,123,290,2025-11-11
143,25,rodriguezjohn,Heart policy side.,459,276,2025-10-22
144,22,mjones,Yes product president after ready indicate herself natural.,386,378,2025-07-05
145,9,vrasmussen,Day rate act inside.,352,370,2024-10-05
146,6,ystephens,Establish paper case store bit responsibility brother.,381,177,2024-10-15
147,4,nhahn,Marriage participant sing story.,223,118,2026-07-05
148,5,john26,Region far always many debate value.,309,393,2025-03-22
149,40,jacqueline89,Actually become book.,203,396,2025-09-16
150,21,erinpierce,Chance bed memory rich big eight discuss.,324,139,2026-07-16
151,29,iaguilar,Enough anyone spend them system.,116,182,2025-04-13
152,36,mjones,International break surface three act catch.,221,95,2025-11-09
153,38,rodriguezjohn,Group just perform there behavior spring.,194,43,2024-12-04
154,40,ichambers,Hundred lead structure ready long instead.,408,126,2026-05-02
155,5,nhahn,Both receive around wall.,137,78,2024-11-17
156,25,gabriel90,Treat lot notice just particularly single.,401,324,2025-10-13
157,10,gabriel90,Low maintain thought key.,199,162,2024-09-08
158,24,nhahn,Actually than modern season rich difference.,46,2,2026-06-22
159,20,iaguilar,Mind read peace item risk loss.,184,389,2025-11-21
160,18,nhahn,Chance step throughout party activity various.,67,44,2025-07-28
161,12,mjones,System thank avoid man drive wife anyone.,229,285,2025-01-02
162,36,ystephens,Idea dog learn soon large task.,208,52,2025-06-15
163,2,nhahn,Wonder seat adult idea.,181,283,2024-08-19
164,6,jacqueline89,A before page people fight meet deal.,306,166,2025-11-26
165,25,erinpierce,Guy approach development lawyer nice people.,149,211,2025-07-04
166,25,vrasmussen,Respond box service develop game stop.,43,371,2026-06-29
167,36,jeffrey88,Natural hear blood to manage.,500,124,2026-03-16
168,37,ystephens,Blood particularly could us hotel lead.,86,350,2026-02-15
169,25,ssalinas,Blue increase unit study open sign.,71,137,2025-06-18
170,20,ichambers,What care material morning any very stuff lot.,252,74,2025-07-30
171,5,ssalinas,Reality community spring billion.,222,141,2025-11-16
172,27,ichambers,Third mean his woman trouble several event white.,247,400,2026-07-03
173,5,john26,Source catch owner though mention successful natural.,128,126,2025-03-10
174,32,jacqueline89,Plan cut person fact generation public wonder.,315,100,2025-11-11
175,30,nhahn,Mean reason follow break.,69,155,2025-04-07
176,1,mjones,Old wall report purpose throw move there.,170,317,2025-05-28
177,25,vrasmussen,Mission agent certainly.,441,168,2025-11-25
178,29,john26,Environment size worker raise chair.,220,333,2024-09-07
179,39,ssalinas,Daughter must grow laugh pattern.,153,164,2025-11-29
180,39,gabriel90,Ten score night down six sometimes explain.,102,245,2025-11-21
181,21,ssalinas,Hold what wish fine need actually.,493,203,2025-01-23
182,21,ichambers,Than team kitchen difficult plant remember happy open.,376,355,2026-01-14
183,32,jacqueline89,Simply who family concern radio.,400,124,2024-12-07
184,21,mjones,Same budget American evidence.,143,201,2025-02-02
185,24,nhahn,Once effort form report.,477,288,2024-11-14
186,13,jacqueline89,Up others similar personal.,279,92,2026-04-01
187,36,erinpierce,Make of group six fish.,487,372,2024-12-31
188,30,gabriel90,Minute skill city myself.,107,224,2025-05-14
189,19,grodriguez,Determine degree forward guess despite sell.,354,35,2025-08-15
190,27,rodriguezjohn,Statement wonder across protect knowledge toward party.,255,71,2025-10-21
191,20,fuenteslaura,Radio fly trouble.,129,337,2026-06-14
192,10,gabriel90,Either rich agency might side method.,216,193,2025-07-30
193,5,iaguilar,Analysis together court message way cold what.,306,245,2025-08-21
194,38,mjones,Phone decision picture.,273,259,2024-12-26
195,27,ystephens,Structure day stock these scientist itself.,18,184,2026-03-13
196,35,jacqueline89,Section child learn forward.,326,43,2024-09-25
197,7,vrasmussen,Concern edge audience.,127,336,2026-03-16
198,23,ssalinas,Imagine later identify first hope.,331,313,2024-10-18
199,3,jacqueline89,Political peace series.,330,346,2025-09-25
200,26,vrasmussen,Group me face rate.,169,220,2025-10-10
201,7,erinpierce,She join house produce listen.,50,132,2025-08-17
202,15,ystephens,Section someone support far.,382,265,2025-10-30
203,36,jacqueline89,Quality trial some role health.,352,294,2026-06-18
204,15,iaguilar,Themselves center among of hour natural be.,191,200,2024-12-24
205,30,vrasmussen,Deep town surface central contain pattern.,347,301,2025-01-24
206,33,ssalinas,Consider son system surface.,176,12,2026-06-05
207,31,nhahn,Leave near fact attack better rise maintain.,151,212,2025-03-22
208,6,nhahn,Provide doctor expect attorney.,425,373,2024-12-12
209,10,john26,Late pattern figure once not hair first.,159,175,2025-06-02
210,30,vrasmussen,Finish size Republican.,105,266,2025-11-04
211,31,john26,Style care run there leg.,243,49,2025-04-12
212,29,gabriel90,Main board population bank exactly.,356,231,2026-03-20
213,21,nhahn,Cultural safe phone road throughout support place.,153,22,2026-03-10
214,8,erinpierce,If operation trade necessary myself your line simple.,434,175,2025-04-17
215,7,rodriguezjohn,Through operation tax card may.,409,84,2024-09-28
216,16,ystephens,Maybe production summer southern pass coach.,89,282,2025-08-03
217,11,john26,City not not the certainly rule voice.,286,218,2024-08-22
218,30,fuenteslaura,Discussion enough doctor protect military social hold.,408,207,2026-05-25
219,12,ssalinas,Always possible billion.,327,336,2026-07-01
220,28,mjones,Strong enjoy name community president.,14,377,2025-04-17
221,40,jeffrey88,Might heavy trade might.,101,230,2025-04-07
222,38,mjones,Main lot page maybe catch close.,199,2,2024-09-18
223,14,fuenteslaura,Deep cost gun response brother.,142,385,2025-01-08
224,5,jacqueline89,Result loss long decision claim street.,52,274,2024-08-09
225,12,john26,Campaign or care.,166,100,2025-08-02
226,30,nhahn,Chair coach two might if wide point.,134,343,2026-04-27
227,32,ystephens,Water describe paper likely loss.,494,327,2024-12-31
228,21,jacqueline89,Over some star consider process enough.,198,312,2026-01-04
229,26,jacqueline89,Two others attention her car admit.,58,178,2025-08-10
230,23,grodriguez,Range step painting concern top outside there.,234,316,2025-08-16
231,12,grodriguez,Behavior process top much.,344,361,2024-07-24
232,20,jeffrey88,Miss have analysis morning director sort.,314,302,2026-02-21
233,6,rodriguezjohn,Go source traditional student office international.,68,160,2025-01-26
234,8,fuenteslaura,Travel base our myself election.,156,59,2024-07-27
235,12,john26,Official brother according.,355,72,2025-11-14
236,33,mjones,Impact blood international one end movie.,214,305,2025-09-09
237,9,jacqueline89,Every quite sense including six lot have never.,196,216,2025-01-25
238,12,iaguilar,Officer similar huge catch tell.,325,275,2024-10-19
239,12,ystephens,Land record class Democrat hundred.,85,250,2025-03-28
240,19,ssalinas,Pass range appear home player source statement.,95,161,2025-07-03
241,29,jacqueline89,Itself ask develop bag also his worker pass.,27,183,2025-08-08
242,1,iaguilar,Arm similar compare manager action sure us million.,69,99,2024-12-13
243,25,ystephens,Member recognize past purpose growth pretty wish beautiful.,258,334,2025-02-10
244,32,mjones,Good house only military say attention.,350,251,2024-09-27
245,27,gabriel90,Risk next on girl spring.,430,227,2025-01-05
246,32,ssalinas,Lawyer identify above company media.,42,289,2025-09-05
247,2,vrasmussen,Family water sort what then spend offer.,389,112,2025-12-13
248,19,erinpierce,None show serious which learn leave.,140,115,2025-09-25
249,35,ichambers,Loss election him.,86,399,2026-02-20
250,30,jacqueline89,Quality discover firm western might.,380,395,2024-07-31
251,32,ystephens,Eat behavior purpose start away.,261,57,2026-06-04
252,37,nhahn,Finish despite off consumer second us couple.,137,396,2026-01-13
253,35,grodriguez,Save their deal dark economic.,187,277,2025-10-19
254,3,vrasmussen,Single build bad what.,368,225,2025-07-19
255,35,fuenteslaura,Share must amount.,217,52,2025-07-11
256,16,ichambers,Firm together thing off ever consumer share memory.,447,16,2025-05-10
257,29,ichambers,Campaign moment institution vote allow girl team.,178,44,2026-02-11
258,29,grodriguez,With recently least ready activity decision ok.,60,397,2025-03-18
259,16,fuenteslaura,Technology cost enjoy especially when gas contain interest.,415,377,2025-05-26
260,38,gabriel90,Half hundred late number without rather.,179,363,2026-03-11
261,40,rodriguezjohn,Sound new task cultural son.,219,84,2026-01-14
262,40,ssalinas,South computer matter yet support military result.,401,105,2026-02-18
263,14,vrasmussen,Economy teach answer between clear.,30,291,2024-12-28
264,23,ystephens,Live picture last free guess.,143,305,2025-09-06
265,35,ssalinas,General in go quickly paper.,165,360,2025-09-18
266,19,ichambers,Company sister great pull maintain say threat.,293,136,2025-04-28
267,33,jeffrey88,Less what than political up.,347,48,2025-05-28
268,9,vrasmussen,Occur support author class direction first fact environment.,402,210,2025-11-07
269,4,ichambers,Thought sit voice security minute.,443,335,2025-06-18
270,9,gabriel90,Contain age road product.,443,67,2026-06-11
271,16,ssalinas,Decision however believe view.,364,164,2025-07-04
272,16,vrasmussen,Ago however share.,431,346,2024-09-22
273,26,iaguilar,Peace base use hope director.,72,295,2026-01-14
274,18,rodriguezjohn,Phone capital stuff agreement professional team.,212,192,2025-03-18
275,29,nhahn,Level that various nature career way much.,324,393,2025-09-28
276,6,mjones,Piece player nor model police finally girl.,263,383,2025-08-22
277,18,gabriel90,Kind hand employee field.,479,188,2024-07-24
278,30,iaguilar,Gas light across two.,167,297,2026-06-16
279,1,grodriguez,Federal she something others someone nature country.,396,375,2026-04-29
280,6,gabriel90,House clear say hope her enjoy.,497,234,2025-05-28
281,23,grodriguez,Might son party really even.,32,273,2025-11-10
282,26,fuenteslaura,Speak include table consumer face PM pay.,495,219,2025-02-07
283,14,iaguilar,Man fly charge wide against win example by.,137,165,2025-06-09
284,19,john26,Do character management.,280,295,2025-03-30
285,9,jacqueline89,Size marriage he recent all.,436,248,2024-09-20
286,22,jeffrey88,Argue simply author like.,349,390,2024-12-11
287,4,erinpierce,Stage stock business should eat.,50,320,2026-02-07
288,30,erinpierce,East yes current same behind program.,63,80,2024-12-23
289,29,iaguilar,Race fine follow pick among visit.,0,219,2025-08-08
290,13,gabriel90,Loss federal growth appear project.,465,67,2026-07-05
291,20,ssalinas,Plan foot cold everybody build.,447,140,2026-02-20
292,6,rodriguezjohn,Why ok real.,184,128,2025-12-09
293,6,john26,He become citizen before.,340,332,2025-10-19
294,11,erinpierce,Art green child movie blue maintain first next.,202,320,2025-11-07
295,20,gabriel90,South just cover ready group care.,358,386,2026-05-11
296,15,mjones,Religious next my majority note myself food.,335,46,2025-07-01
297,7,erinpierce,Trial never attention choice fast enjoy happen a.,109,244,2025-11-02
298,5,ssalinas,Safe third people hair per fly.,303,115,2024-09-08
299,34,rodriguezjohn,Standard couple raise she child executive important.,227,4,2025-03-16
300,1,gabriel90,Model at strong candidate.,175,61,2026-04-23
301,28,gabriel90,Blood court all politics home.,67,244,2025-07-17
302,5,fuenteslaura,Red eight hand paper audience us decade man.,196,45,2026-05-05
303,7,nhahn,Life police guess sea.,160,188,2026-05-05
304,20,ssalinas,Some around pay more same strong.,195,396,2024-09-18
305,9,rodriguezjohn,Whether best rise mother country.,346,73,2025-08-12
306,5,ystephens,Now way next newspaper second.,288,4,2026-02-04
307,40,rodriguezjohn,Group learn professor third coach Congress husband.,84,225,2025-03-27
308,23,gabriel90,Move outside value total.,109,321,2025-08-30
309,10,jeffrey88,Suddenly include plan step food drive.,210,315,2025-08-26
310,29,grodriguez,She unit effect which language however.,111,44,2026-01-05
311,7,ssalinas,Other military year few feel.,385,63,2025-01-02
312,38,gabriel90,Against state ready every network news.,196,179,2026-05-31
313,28,john26,Behind leave choose enter.,405,71,2026-05-05
314,16,ichambers,Do specific begin hundred truth.,330,43,2026-01-11
315,16,ystephens,Society common stay ready office traditional.,307,307,2025-10-02
316,39,ichambers,Also space high sister two.,398,353,2025-03-25
317,2,grodriguez,Indicate test thank dinner present own.,433,337,2024-08-01
318,20,fuenteslaura,Him fight American music change maybe determine anything.,265,310,2026-01-09
319,33,fuenteslaura,Wife send offer bed it skill.,382,200,2024-11-09
320,19,rodriguezjohn,Bar number any human be maybe.,27,122,2026-02-09
321,32,mjones,Seven lose cup house.,57,123,2025-09-14
322,32,rodriguezjohn,Pattern save east author since food under.,304,36,2024-09-27
323,34,jeffrey88,Interest give fly order agency fight.,500,6,2026-07-15
324,24,jeffrey88,Start sort perhaps key under do rate choose.,162,67,2026-01-07
325,25,grodriguez,Both approach we unit.,429,291,2026-04-20
326,27,john26,Add really born late age.,279,349,2024-12-23
327,12,vrasmussen,Deep national seek nature performance yeah reason.,241,394,2025-11-24
328,5,erinpierce,On professional analysis color exist smile.,300,34,2025-10-18
329,1,ichambers,Let war at.,110,20,2025-11-18
330,4,vrasmussen,Ten affect test power discuss herself.,203,259,2026-07-07
331,19,rodriguezjohn,Tough machine others because.,364,256,2024-12-16
332,27,mjones,Night Republican always two figure majority season.,359,205,2024-08-06
333,6,rodriguezjohn,Green few you without every artist.,274,275,2025-01-28
334,40,ssalinas,Three spring ahead never exactly charge.,142,42,2026-05-10
335,20,nhahn,Because him whether partner.,261,104,2025-10-24
336,10,ystephens,Individual of interview fine painting.,167,200,2025-06-17
337,38,rodriguezjohn,Deal catch must son.,390,332,2026-04-15
338,5,ichambers,Read together travel involve training.,357,223,2026-02-06
339,16,erinpierce,True fish newspaper we brother fish they.,125,44,2026-01-06
340,28,nhahn,They increase in kitchen value thus.,232,313,2026-06-06
341,39,erinpierce,Charge could capital ago worry.,158,341,2025-10-17
342,12,nhahn,Note discuss discussion reach grow read live maybe.,6,362,2025-10-09
343,9,gabriel90,Contain hold listen clearly difficult impact.,5,83,2026-07-02
344,32,john26,Wear development provide dark daughter.,267,264,2024-11-30
345,17,ssalinas,Term majority foot leader east if.,190,64,2024-08-23
346,18,gabriel90,Result hour voice occur movie political.,453,60,2025-12-20
347,2,john26,Minute later still.,413,219,2024-08-24
348,18,ystephens,Million how same newspaper might.,32,134,2025-10-28
349,37,rodriguezjohn,Couple keep this.,39,254,2026-02-09
350,30,ystephens,Leave institution party approach might.,184,28,2024-11-04
351,32,grodriguez,Bed may conference one thus national hotel.,290,85,2025-03-17
352,24,ssalinas,Condition opportunity Republican.,130,395,2024-12-18
353,7,jeffrey88,Bed food possible represent clearly run before.,293,345,2025-12-22
354,8,fuenteslaura,Be religious risk window partner civil.,379,260,2025-08-30
355,1,erinpierce,Should treatment not.,439,6,2025-11-18
356,16,erinpierce,Class certain shoulder anything.,241,186,2025-03-06
357,25,jeffrey88,Eye Congress together whether about she activity.,76,91,2025-07-22
358,3,ystephens,Myself accept third down open little improve.,411,365,2024-09-20
359,27,fuenteslaura,According think everything pick star debate continue area.,164,127,2025-04-05
360,27,jeffrey88,Take project study fear.,368,163,2026-05-27
361,18,grodriguez,Board year claim.,39,292,2025-02-16
362,24,nhahn,Occur no whom see growth along shoulder follow.,257,344,2026-05-11
363,4,ssalinas,Serve successful assume likely.,114,264,2024-10-21
364,3,mjones,Forget including decide decade around.,35,238,2025-09-14
365,19,vrasmussen,More because right painting small religious interview summer.,432,159,2025-01-29
366,21,nhahn,Yet government can none mind place manage.,283,233,2024-12-02
367,1,john26,Discussion fact cover brother let someone scene debate.,102,149,2025-10-16
368,37,vrasmussen,Increase free night point action cut.,155,378,2025-02-14
369,40,fuenteslaura,Film media food accept.,237,188,2025-12-07
370,38,iaguilar,How notice whether story create street.,395,397,2026-05-29
371,13,gabriel90,Trouble something population loss physical throughout Mr.,461,279,2025-03-25
372,16,ssalinas,Until argue minute north question new.,3,209,2024-08-06
373,2,fuenteslaura,Rate son thousand government wide exactly all.,277,177,2026-07-13
374,1,john26,Move coach paper cost bring site final tax.,0,388,2025-12-24
375,25,grodriguez,Including market down later week.,377,372,2024-12-28
376,20,nhahn,Company hear also dark begin.,105,271,2025-07-28
377,16,mjones,Toward child future low them financial force.,251,30,2026-02-06
378,10,gabriel90,State visit quality car.,143,47,2026-01-04
379,3,jeffrey88,Hold ten break financial analysis summer the.,118,266,2025-03-24
380,27,gabriel90,Billion she seat.,458,190,2024-08-09
381,30,gabriel90,Police decide customer expert mother.,43,297,2026-02-08
382,7,ystephens,Evening church boy when.,68,326,2025-09-06
383,26,nhahn,Deal go five center.,303,290,2025-12-20
384,4,mjones,Off commercial find throughout music.,339,66,2024-08-30
385,16,ichambers,Likely push black.,133,161,2024-09-01
386,26,gabriel90,Hot relate through picture real knowledge.,425,376,2025-04-09
387,21,john26,Stage require provide move wind sense.,231,139,2025-06-29
388,15,nhahn,Behavior sort recognize best.,483,103,2025-03-07
389,9,vrasmussen,Like water century time election guy contain.,394,299,2026-05-25
390,7,ssalinas,Small think law air little goal.,54,84,2025-06-26
391,29,iaguilar,Executive give offer meet.,160,208,2025-05-16
392,8,ystephens,For power society mouth.,183,394,2025-05-12
393,14,iaguilar,Draw during city lot at decade.,157,237,2025-12-13
394,17,grodriguez,Six itself skin name door production.,61,46,2024-09-18
395,11,vrasmussen,Student boy other foot best knowledge final.,351,155,2025-05-16
396,39,erinpierce,Board sport side her management produce bed stage.,110,167,2026-05-03
397,10,nhahn,Serious produce laugh.,364,127,2025-02-22
398,23,mjones,Official crime race first now tree fight wall.,262,25,2025-06-06
399,20,ichambers,Wrong old particularly member summer system.,419,89,2024-09-07
400,2,mjones,Whose a nice without body executive all.,437,231,2025-06-04
401,36,gabriel90,Hour fish him high nation production little could.,281,127,2025-05-01
402,7,iaguilar,Style child young prove care author.,52,71,2024-08-04
403,8,erinpierce,Price window career case south team throw.,31,399,2025-12-14
404,15,ssalinas,Perhaps lawyer interest star his difficult.,101,205,2025-05-30
405,24,rodriguezjohn,Official suggest door.,322,330,2025-07-25
406,6,jacqueline89,Unit office almost also low happy.,300,132,2025-09-21
407,5,erinpierce,Center rule worker worker.,33,101,2026-02-13
408,29,vrasmussen,Might model particular early piece professional protect.,65,47,2025-12-06
409,22,nhahn,Something fine apply gas sing light mention.,21,236,2025-07-02
410,4,ssalinas,Inside whether sometimes eye along type.,473,293,2026-01-22
411,28,grodriguez,Employee picture official of prevent factor say.,370,202,2024-08-12
412,32,erinpierce,Bar measure surface everyone car exactly tax.,195,349,2024-08-03
413,28,ssalinas,Page travel school process.,181,109,2025-04-20
414,12,ichambers,End red machine son.,143,228,2026-04-15
415,10,erinpierce,Worker whose other start study sell.,314,317,2025-05-21
416,40,fuenteslaura,Draw key point decision same generation.,331,151,2025-11-05
417,32,mjones,Apply less live live.,451,281,2026-06-17
418,31,erinpierce,Do raise hope enjoy most itself eye.,44,143,2026-02-26
419,25,ssalinas,Question which raise American truth PM.,214,102,2026-06-22
420,34,fuenteslaura,Particular present evening establish sort effort.,322,278,2025-09-24
421,2,mjones,Significant see same open crime front real.,400,365,2024-12-02
422,23,iaguilar,Action across attack in moment rate goal.,278,400,2026-01-05
423,32,john26,Cover agency begin voice prevent.,467,289,2026-03-26
424,33,john26,Point remain build task candidate prevent tonight not.,198,138,2026-06-30
425,12,erinpierce,Receive education level view.,163,305,2025-11-02
426,15,erinpierce,Show realize property show either.,458,398,2026-02-14
427,18,erinpierce,Since him four art western.,414,241,2025-02-02
428,34,john26,Attorney woman customer hotel population board.,392,299,2025-08-23
429,15,ssalinas,Despite poor tree resource billion authority.,51,126,2025-09-14
430,16,ichambers,Since affect marriage present a.,273,377,2024-08-20
431,4,vrasmussen,Entire record toward off middle vote.,485,112,2025-07-17
432,37,grodriguez,Identify road speech audience difficult his.,408,198,2025-12-09
433,23,jeffrey88,Building movement yard four field area young.,429,88,2025-11-09
434,12,fuenteslaura,Movement which ball least short possible.,303,162,2024-11-30
435,23,jeffrey88,Whose produce federal.,302,14,2025-05-05
436,23,jacqueline89,Piece grow be plan.,288,72,2026-01-12
437,37,fuenteslaura,Along agent you draw.,428,252,2025-05-04
438,35,ichambers,Poor matter who speech whom administration fund.,89,251,2025-03-27
439,3,nhahn,If deep president.,28,119,2025-08-10
440,39,fuenteslaura,Chance often under already center president likely.,10,269,2026-05-26
441,31,erinpierce,Drug possible add.,169,314,2025-10-29
442,13,vrasmussen,Star best particularly structure ask.,66,174,2026-03-13
443,12,jeffrey88,Market sometimes determine source.,410,165,2025-05-31
444,4,erinpierce,Food wish office case student soldier.,75,300,2026-02-02
445,10,vrasmussen,Community as event serious collection have close during.,56,269,2025-09-22
446,24,nhahn,Beyond suggest partner sing.,191,360,2024-08-04
447,26,jacqueline89,Ball account unit religious order exist really.,51,172,2026-02-23
448,20,john26,Realize deal policy mission include visit particular.,69,80,2024-08-20
449,28,vrasmussen,Response partner because step.,327,249,2025-03-01
450,21,ssalinas,Above dog brother morning believe gun.,362,287,2026-01-31
451,40,vrasmussen,Medical less phone decade apply both chance.,182,114,2026-04-01
452,38,grodriguez,Marriage civil two approach hair decide edge.,89,193,2025-10-17
453,20,gabriel90,Analysis science understand compare size machine break.,352,150,2026-05-09
454,9,ssalinas,Or for cup quality for single.,373,0,2025-03-19
455,37,mjones,Down include customer through.,435,394,2024-09-15
456,37,erinpierce,Machine three certain until lawyer hold carry rest.,93,308,2025-10-29
457,21,jeffrey88,Dark camera realize arrive carry.,414,313,2026-04-07
458,15,rodriguezjohn,Industry set detail far church some well.,289,53,2026-05-16
459,32,ssalinas,Wife talk beat tax majority yet option.,169,381,2026-03-27
460,5,fuenteslaura,Address into their easy its.,177,163,2025-01-02
461,11,rodriguezjohn,Watch trial together individual analysis yard safe mean.,453,45,2025-05-31
462,22,iaguilar,Look something start laugh drive next.,5,135,2024-08-02
463,14,fuenteslaura,Wear car fast positive before look.,354,34,2025-03-03
464,23,ichambers,Teach section agency lawyer sign them if.,402,55,2026-02-21
465,1,erinpierce,Phone region ability physical his real.,197,224,2025-08-16
466,27,ssalinas,International especially watch my some.,452,211,2026-02-19
467,32,jeffrey88,Per friend usually method.,193,179,2026-05-20
468,35,mjones,Thousand book half people half compare.,51,245,2025-09-05
469,37,rodriguezjohn,Night similar catch friend.,388,351,2025-08-22
470,15,ssalinas,Say sell that reflect send set fly.,231,37,2026-05-11
471,3,ichambers,Quite everyone as generation main money but.,10,163,2025-12-24
472,17,nhahn,Tonight later happy pull really within third.,37,175,2024-12-08
473,11,jeffrey88,Beautiful hospital condition when baby clearly born.,192,82,2024-11-09
474,5,ystephens,Themselves minute physical fall.,482,47,2026-07-02
475,22,jacqueline89,Use listen information scene again country against.,314,247,2026-03-02
476,2,mjones,Popular in garden position for order recent.,482,334,2026-03-31
477,11,jacqueline89,Leader note together fill smile dinner.,455,222,2025-04-21
478,11,erinpierce,Show another good lay coach.,51,169,2026-05-30
479,14,fuenteslaura,Expect win stuff realize project child draw.,209,356,2024-08-23
480,36,gabriel90,Off kid hard day religious program.,473,373,2026-07-08
481,35,ichambers,Health music class feeling.,338,144,2026-05-27
482,20,fuenteslaura,Use shoulder way until choose wife.,49,25,2025-08-27
483,26,jacqueline89,Former relate listen face want wonder off.,281,251,2024-11-08
484,10,erinpierce,Rock two full both look always question.,184,1,2024-10-17
485,28,nhahn,Husband subject land.,150,338,2024-09-29
486,39,iaguilar,Part crime money sit.,102,49,2026-02-04
487,2,fuenteslaura,Against Mrs knowledge public beautiful.,87,326,2025-08-02
488,19,nhahn,Make owner memory argue project.,242,59,2025-05-10
489,20,vrasmussen,Hard health expect goal within them.,203,241,2024-09-26
490,32,jeffrey88,Score indeed kind clearly road today.,338,135,2026-01-07
491,6,rodriguezjohn,Cause onto beat debate listen test.,278,198,2026-07-15
492,12,john26,Value opportunity heart according.,453,195,2025-11-02
493,24,ssalinas,Increase new report sense carry.,228,22,2024-12-06
494,17,iaguilar,Face make state few one management.,238,134,2026-01-15
495,15,grodriguez,Agree able enjoy what strong.,137,288,2025-07-04
496,4,ssalinas,Individual man reach each budget.,385,356,2025-02-11
497,7,nhahn,Out gun lose job.,342,176,2025-01-28
498,35,mjones,Window stand health run adult employee ok.,497,387,2024-11-07
499,38,fuenteslaura,There career clear evening information treatment green.,283,31,2025-02-20
500,25,grodriguez,Police baby create physical share out cold.,267,214,2025-03-16
501,35,rodriguezjohn,Step rate feeling rate read benefit.,443,243,2025-09-21
502,37,jeffrey88,Actually million health machine.,120,243,2025-03-29
503,20,nhahn,Bill choice determine could.,202,365,2026-05-10
504,3,ystephens,Ready weight suffer Republican reduce sort individual trouble.,292,264,2024-10-17
505,37,rodriguezjohn,Type look find guy.,317,75,2026-03-13
506,8,vrasmussen,Mission wide common fight season budget campaign reason.,229,88,2025-12-08
507,11,fuenteslaura,By candidate bad real six.,413,98,2024-09-18
508,9,erinpierce,Serious amount blue soldier message arrive budget.,216,40,2025-01-24
509,28,fuenteslaura,Feeling act benefit buy.,421,321,2025-10-06
510,10,grodriguez,Top continue goal before suffer walk we girl.,304,132,2024-11-18
511,21,jeffrey88,Sit party measure attention standard shake more.,372,34,2025-12-29
512,6,mjones,Commercial senior above rise under.,284,203,2026-05-27
513,36,john26,Hand operation keep whatever Congress great here.,438,141,2024-12-27
514,34,iaguilar,Imagine seven fire letter mind.,469,6,2025-07-21
515,40,jacqueline89,Relate news American foreign break exist.,267,400,2025-10-05
516,27,nhahn,Reach subject difficult imagine world.,212,76,2025-06-01
517,10,jacqueline89,Thus sort voice happen.,301,298,2024-08-02
518,7,jeffrey88,Public how mission put budget house reason.,54,288,2026-07-08
519,7,vrasmussen,Ask window full organization.,146,274,2026-07-18
520,23,jeffrey88,Do interesting material share.,210,135,2026-02-03
521,25,rodriguezjohn,Event smile popular hundred live owner identify machine.,248,292,2025-02-12
522,39,iaguilar,Blue economy market pick care between apply.,19,88,2024-09-11
523,18,mjones,Will him quickly.,73,316,2024-11-12
524,39,rodriguezjohn,Perhaps set produce mind man letter family marriage.,355,205,2025-07-28
525,3,mjones,Gas teacher national weight all involve trip.,455,169,2025-04-30
526,16,erinpierce,Table kind along computer process single.,381,243,2026-05-01
527,18,jeffrey88,Man care resource maintain.,190,10,2024-10-11
528,22,grodriguez,Process rate occur live take media hot.,406,155,2025-07-20
529,20,ichambers,Pay good within fly agreement and.,431,251,2026-03-27
530,7,grodriguez,Special once she personal herself into.,116,68,2026-07-19
531,20,gabriel90,Goal product easy possible or travel.,226,396,2024-09-09
532,21,ichambers,Boy college Mrs also price.,373,213,2025-05-28
533,39,rodriguezjohn,Top entire receive onto worry help hope.,45,96,2025-09-15
534,29,fuenteslaura,Beyond push from me share fund pass.,467,208,2025-04-15
535,32,vrasmussen,Cut player wind away sure degree.,264,191,2025-02-02
536,4,ystephens,You I difficult sea begin.,405,81,2026-04-02
537,5,ichambers,Option event note most.,363,259,2025-06-01
538,26,ssalinas,Somebody prepare few sound item music.,399,268,2024-12-17
539,37,erinpierce,Economy middle public natural thing physical.,88,98,2025-08-05
540,13,grodriguez,Officer defense while score.,29,127,2025-06-30
541,3,iaguilar,Speak table trade various risk art customer.,25,184,2025-06-27
542,13,ichambers,Character rate feel itself five.,188,237,2026-03-22
543,33,mjones,Plant suffer environment expert.,325,63,2024-11-18
544,2,fuenteslaura,Door draw change agree someone financial magazine yard.,190,250,2025-05-28
545,39,iaguilar,Dark evening ahead.,90,242,2026-02-21
546,38,ystephens,Probably compare system white magazine.,179,176,2024-08-07
547,11,grodriguez,Finish fear as western.,457,132,2026-05-10
548,6,ichambers,However style successful door.,14,197,2025-09-14
549,4,ssalinas,Usually miss stock wear use edge this.,437,292,2025-01-14
550,14,grodriguez,Significant finish strategy say.,113,331,2026-03-05
551,15,rodriguezjohn,Very design blood degree ever.,105,137,2025-05-18
552,27,ystephens,Argue mouth record both nation little east everyone.,10,399,2026-02-17
553,1,iaguilar,Guy resource start again.,466,67,2026-06-30
554,12,jacqueline89,Alone science sometimes area true public education his.,410,4,2025-11-03
555,15,ichambers,Total rate movement door kind account.,311,156,2026-06-26
556,18,mjones,Feeling view series father teacher.,458,192,2024-11-18
557,23,iaguilar,Place these short image almost term.,129,111,2026-03-17
558,30,ichambers,Likely include subject response theory star station.,346,266,2025-12-16
559,40,mjones,At inside role natural force receive seven.,299,52,2025-11-04
560,1,ystephens,Picture social carry husband.,339,191,2025-10-26
561,36,rodriguezjohn,Office book economic require should power.,304,311,2024-10-27
562,19,ichambers,Rate society floor long same end reach step.,350,55,2026-02-28
563,31,nhahn,Base happen hour help strong.,172,141,2025-09-13
564,21,grodriguez,Way type positive.,141,133,2025-10-25
565,20,fuenteslaura,Wind cup red collection.,76,264,2025-05-13
566,16,jeffrey88,Outside chance when color note add.,29,307,2025-08-12
567,26,rodriguezjohn,Still management difference data watch spend entire.,163,348,2026-01-20
568,9,gabriel90,Candidate task outside yet executive quality.,13,335,2025-05-25
569,32,ichambers,Society agreement wish dog late eat.,132,214,2025-09-23
570,26,mjones,Beat light the window huge defense himself.,377,18,2025-05-29
571,38,gabriel90,Eight believe arrive four dog traditional you vote.,292,97,2026-07-01
572,22,gabriel90,Remember special accept mean herself within provide car.,365,113,2026-05-07
573,35,rodriguezjohn,Oil employee mean.,401,243,2026-06-04
574,23,ystephens,Car fish most center bring analysis campaign.,153,87,2026-04-22
575,36,ssalinas,Security unit executive theory party.,150,49,2026-01-31
576,31,ssalinas,Might job close say man.,379,132,2026-06-18
577,36,vrasmussen,Table price sometimes apply chance discover along.,467,93,2025-01-30
578,22,rodriguezjohn,Job yet until American ground remember magazine.,45,113,2025-07-19
579,23,fuenteslaura,Buy behavior test Congress.,381,157,2024-11-24
580,27,vrasmussen,State none production defense your above short.,454,169,2024-12-02
581,24,ichambers,East marriage behind forget.,299,150,2025-02-16
582,30,grodriguez,Hour opportunity week student.,60,240,2024-11-13
583,4,grodriguez,Least remain look pick.,324,298,2025-02-05
584,38,jacqueline89,Forget analysis performance.,36,241,2025-06-20
585,13,ystephens,Can tell soon executive sometimes season natural.,61,348,2025-10-07
586,25,ystephens,Human concern whole tend.,152,211,2024-09-27
587,4,grodriguez,Clear single expect sell pressure.,437,77,2024-10-20
588,9,fuenteslaura,Song save TV tough page grow benefit.,175,209,2025-04-18
589,37,jeffrey88,Majority those live none institution.,464,234,2026-01-27
590,10,john26,Pass its international American game less.,441,366,2025-01-03
591,12,vrasmussen,Us money positive base.,41,249,2025-07-01
592,22,rodriguezjohn,Trade local chance campaign.,90,160,2026-05-15
593,4,erinpierce,Mission far answer baby and.,231,140,2024-10-10
594,14,vrasmussen,Including let result spend green one.,396,86,2026-02-05
595,37,vrasmussen,Box product conference.,81,250,2024-12-04
596,6,ssalinas,And indicate region finish right serious.,314,222,2025-06-17
597,28,mjones,Game truth special decision back.,219,244,2026-07-11
598,25,erinpierce,The blood move accept bring.,19,273,2024-11-26
599,13,gabriel90,Least if price season rise field spend.,191,7,2025-10-17
600,21,vrasmussen,Source because career course staff receive.,426,271,2024-12-08
