id,name,language,stars,forks,created_at
1,bad-return-wish-api,Python,1123,730,2026-02-26
2,organization-really-lib,Swift,4255,467,2023-04-12
3,to-forward-admit-cli,Go,2687,627,2024-11-28
4,soldier-tend-seem-lib,Go,3220,631,2024-02-26
5,ball-firm-lib,C++,4156,521,2024-10-25
6,our-they-time-sdk,Swift,4612,306,2025-04-08
7,now-glass-if-app,Python,3018,339,2025-07-09
8,street-risk-shake-api,Ruby,4782,315,2024-07-25
9,half-argue-billion-api,Swift,2176,671,2023-06-28
10,bag-grow-point-sdk,Rust,421,597,2025-01-06
11,physical-industry-app,Go,4295,644,2023-11-13
12,protect-explain-sdk,Ruby,1211,697,2026-07-13
13,military-drive-cli,Python,4691,717,2024-10-09
14,how-lay-cultural-api,Rust,156,451,2024-11-26
15,husband-bed-sport-lib,Ruby,1241,422,2023-09-29
16,employee-sell-back-cli,Ruby,4111,793,2023-08-20
17,husband-seek-step-sdk,Swift,511,722,2023-03-07
18,improve-free-cli,Rust,4595,332,2022-12-27
19,accept-yes-foot-app,Ruby,2571,177,2024-01-01
20,expect-blue-cause-app,C++,4476,362,2023-04-24
21,list-onto-one-music-lib,Swift,1576,252,2022-12-22
22,behind-health-once-lib,Java,1843,304,2024-12-12
23,still-garden-treat-lib,Rust,4006,324,2022-08-12
24,job-important-start-app,C++,4592,738,2025-06-17
25,operation-west-lib,Java,999,587,2024-11-06
26,condition-reveal-sdk,Ruby,3233,353,2023-03-29
27,exist-fish-cli,Java,345,294,2024-07-13
28,at-computer-learn-api,C++,3624,671,2024-03-30
29,member-stay-ball-lib,Swift,1753,206,2023-07-27
30,employee-set-sdk,Java,4605,712,2024-07-17
31,practice-deal-lot-lib,Go,895,630,2023-02-07
32,according-sdk,Rust,1987,51,2023-11-22
33,pressure-husband-sdk,Rust,1908,53,2026-01-03
34,less-good-law-team-api,Ruby,2706,734,2025-12-30
35,phone-century-first-app,TypeScript,1127,5,2024-12-21
36,run-deep-measure-sdk,Go,3334,668,2023-04-10
37,information-from-app,Swift,1634,774,2025-07-01
38,property-military-lib,C++,2339,661,2025-09-08
39,gas-however-fast-api,TypeScript,4704,237,2025-09-14
40,his-build-work-sdk,Python,1435,427,2023-05-12
