id,station_id,date,temp_high,temp_low,precipitation,wind_speed
1,1,2024-01-01,31.4,22.2,43.9,37.0
2,1,2024-01-13,30.9,23.3,32.3,6.6
3,1,2024-01-23,32.2,24.1,13.2,70.9
4,1,2024-01-25,31.4,17.0,31.6,65.0
5,1,2024-02-22,29.0,23.5,13.0,71.5
6,1,2024-03-11,24.0,16.8,44.6,47.2
7,1,2024-03-07,5.4,-2.2,18.2,0.8
8,1,2024-03-11,35.8,23.2,8.3,41.1
9,1,2024-04-22,6.8,-4.0,43.6,11.7
10,1,2024-05-06,34.8,26.0,11.6,21.1
11,1,2024-04-10,-0.0,-10.7,18.1,37.6
12,1,2024-06-03,32.5,24.4,5.2,77.5
13,1,2024-05-12,32.0,23.1,8.7,52.3
14,1,2024-06-05,25.9,16.0,12.6,77.8
15,1,2024-05-20,19.8,8.4,24.3,38.6
16,1,2024-04-15,17.9,12.1,3.9,51.5
17,1,2024-06-09,4.0,-4.6,40.8,52.9
18,1,2024-08-09,33.8,22.6,23.9,16.9
19,1,2024-06-11,25.4,17.4,6.4,47.4
20,1,2024-06-20,22.4,14.7,2.8,20.7
21,1,2024-06-29,20.1,7.9,31.9,70.3
22,1,2024-08-19,36.2,27.3,23.6,38.5
23,1,2024-08-08,33.8,21.4,41.0,14.6
24,1,2024-09-10,7.8,-5.8,29.8,5.5
25,1,2024-11-08,13.1,7.2,43.0,40.3
26,1,2024-11-21,33.7,25.0,45.1,48.0
27,1,2024-07-27,4.7,-8.7,27.0,0.1
28,1,2024-12-17,20.1,13.6,26.5,18.4
29,1,2025-01-27,30.9,21.0,37.1,60.9
30,1,2024-08-20,15.5,5.4,45.5,6.7
31,1,2025-01-25,7.3,-1.1,0.4,41.8
32,1,2024-08-05,13.2,3.2,20.4,8.5
33,1,2025-02-20,24.6,13.9,21.2,29.3
34,2,2024-01-01,29.7,18.5,24.1,29.6
35,2,2024-01-15,9.0,1.1,35.3,58.9
36,2,2024-01-17,29.6,18.7,8.1,17.2
37,2,2024-02-09,33.2,20.8,34.2,4.2
38,2,2024-02-22,35.6,31.0,7.3,74.1
39,2,2024-03-06,2.1,-5.7,30.5,58.0
40,2,2024-03-19,24.7,13.3,29.9,75.7
41,2,2024-03-04,25.2,17.4,32.8,64.3
42,2,2024-03-29,9.5,-2.3,34.9,49.2
43,2,2024-03-04,15.3,1.5,4.3,22.1
44,2,2024-05-10,13.5,3.6,25.9,59.0
45,2,2024-03-29,37.1,25.4,28.0,46.6
46,2,2024-05-24,37.2,27.9,9.7,74.4
47,2,2024-04-01,9.9,2.8,3.6,23.5
48,2,2024-04-22,34.9,19.9,40.7,46.0
49,2,2024-07-29,39.0,27.0,37.9,76.9
50,2,2024-08-12,29.6,15.1,24.1,20.6
51,2,2024-08-09,28.3,14.3,11.5,25.3
52,2,2024-08-04,17.7,8.7,12.4,7.4
53,2,2024-08-16,5.6,-6.8,17.7,71.5
54,2,2024-08-08,8.8,-5.3,9.5,59.0
55,2,2024-07-29,31.7,21.2,10.1,20.0
56,2,2024-09-21,3.9,-6.3,33.8,53.1
57,2,2024-06-10,30.8,23.3,24.1,49.7
58,2,2024-12-02,38.2,25.5,13.7,14.6
59,2,2024-10-02,17.4,8.1,26.3,33.9
60,2,2024-07-01,19.5,9.0,8.7,78.1
61,2,2025-01-13,9.7,1.6,19.0,8.1
62,3,2024-01-01,6.1,-1.1,47.9,27.4
63,3,2024-01-10,18.2,8.7,18.6,68.3
64,3,2024-01-23,18.5,5.2,34.3,65.1
65,3,2024-02-03,32.5,20.0,9.8,64.0
66,3,2024-02-06,16.0,9.4,6.7,71.5
67,3,2024-03-01,30.2,21.0,28.4,31.9
68,3,2024-02-24,4.3,-7.5,31.5,36.0
69,3,2024-03-25,9.6,0.0,40.5,27.5
70,3,2024-04-14,7.1,-7.9,9.9,46.1
71,3,2024-03-22,37.9,30.2,25.5,62.0
72,3,2024-05-20,34.9,26.9,31.6,11.6
73,3,2024-04-09,28.2,16.1,30.6,32.4
74,3,2024-04-06,2.2,-5.7,32.7,56.8
75,3,2024-06-18,10.5,-1.3,18.2,47.0
76,3,2024-07-15,14.7,9.4,36.4,53.0
77,3,2024-04-30,7.8,0.8,46.8,37.9
78,3,2024-04-22,0.4,-10.5,4.2,21.0
79,3,2024-06-02,6.0,-6.0,11.5,59.0
80,3,2024-09-09,22.8,13.0,1.4,53.1
81,3,2024-08-16,34.4,22.3,46.7,43.9
82,3,2024-06-29,40.0,30.7,29.9,50.5
83,3,2024-09-30,21.8,12.1,17.4,43.2
84,3,2024-06-25,16.9,9.1,15.2,0.0
85,3,2024-07-26,13.6,6.7,46.1,75.8
86,3,2024-12-02,13.6,0.2,29.9,63.7
87,3,2024-10-27,9.8,-2.1,12.5,57.2
88,3,2024-12-04,31.5,25.7,31.3,41.3
89,3,2024-10-24,12.8,-0.5,20.6,68.3
90,3,2024-09-09,3.1,-4.3,22.6,56.0
91,3,2025-02-10,4.6,0.2,26.7,14.9
92,3,2024-08-28,9.0,1.7,0.4,7.2
93,4,2024-01-01,8.2,-3.0,24.9,29.7
94,4,2024-01-08,15.3,0.5,2.8,62.1
95,4,2024-01-17,19.8,9.4,12.5,30.5
96,4,2024-01-22,6.5,-3.6,38.6,35.4
97,4,2024-01-29,9.4,0.4,33.3,16.7
98,4,2024-03-06,26.1,18.3,31.5,3.4
99,4,2024-02-18,11.0,1.9,44.4,69.1
100,4,2024-03-11,37.3,29.3,0.8,63.6
101,4,2024-03-05,14.3,3.0,29.1,55.3
102,4,2024-03-22,12.4,6.9,4.6,49.5
103,4,2024-03-11,3.3,-8.8,39.6,10.1
104,4,2024-04-20,13.0,1.8,17.4,71.3
105,4,2024-04-30,0.1,-10.5,12.5,3.2
106,4,2024-07-01,22.6,12.4,28.3,43.5
107,4,2024-06-17,27.9,17.3,45.7,44.4
108,4,2024-04-30,20.9,9.3,27.1,36.3
109,4,2024-07-27,31.6,18.6,18.2,49.6
110,4,2024-07-23,29.8,18.6,19.4,41.9
111,4,2024-09-09,28.6,21.9,20.5,25.8
112,4,2024-06-01,18.3,8.9,6.5,69.9
113,5,2024-01-01,17.0,9.0,41.8,52.6
114,5,2024-01-12,0.3,-9.3,0.7,73.7
115,5,2024-01-29,39.1,27.3,31.9,28.9
116,5,2024-02-09,34.6,25.5,30.8,42.3
117,5,2024-02-02,30.8,25.1,26.0,8.1
118,5,2024-02-20,19.4,11.1,12.4,50.0
119,5,2024-02-24,22.7,10.9,38.3,46.1
120,5,2024-04-08,27.7,20.5,39.6,44.0
121,5,2024-04-06,26.5,15.7,46.7,72.2
122,5,2024-04-18,33.3,23.0,41.3,25.9
123,5,2024-04-10,20.8,10.9,46.3,20.3
124,5,2024-06-03,17.3,6.5,49.1,47.7
125,5,2024-04-18,38.5,30.9,11.1,68.5
126,5,2024-04-01,33.5,18.9,46.0,40.9
127,5,2024-05-06,3.5,-4.2,13.2,71.2
128,5,2024-05-30,11.2,1.8,20.0,73.4
129,5,2024-05-08,30.7,20.9,41.3,55.2
130,5,2024-05-16,22.6,12.4,28.8,6.3
131,5,2024-05-06,35.9,24.6,21.7,74.4
132,5,2024-06-01,33.2,23.9,30.1,0.9
133,5,2024-09-17,2.3,-6.8,28.2,26.1
134,5,2024-07-29,7.2,-6.9,48.6,60.2
135,5,2024-06-25,7.6,-0.5,6.6,6.6
136,5,2024-06-10,20.5,12.5,21.7,55.8
137,5,2024-08-04,17.4,9.9,28.6,44.9
138,5,2024-09-07,8.3,0.1,34.2,46.1
139,6,2024-01-01,16.0,8.0,29.7,1.9
140,6,2024-01-12,5.9,-5.2,40.1,49.9
141,6,2024-01-29,3.7,-6.4,18.7,60.6
142,6,2024-01-25,1.8,-8.2,46.3,69.5
143,6,2024-02-14,1.7,-7.1,22.5,1.8
144,6,2024-02-20,27.9,19.3,37.5,43.9
145,6,2024-02-24,28.8,18.5,45.3,42.1
146,6,2024-03-18,5.5,-4.9,30.9,4.2
147,6,2024-02-26,3.6,-8.3,45.6,28.8
148,6,2024-03-13,3.0,-10.1,11.6,30.5
149,6,2024-03-21,36.1,25.6,4.4,15.9
150,6,2024-06-03,23.7,15.2,46.1,24.4
151,6,2024-06-17,13.7,6.7,17.6,50.0
152,6,2024-05-10,42.7,31.2,3.1,20.6
153,6,2024-07-01,37.5,28.4,27.7,22.4
154,6,2024-05-15,13.0,5.8,36.5,41.7
155,6,2024-06-09,17.1,7.1,15.6,48.4
156,6,2024-08-26,19.9,13.9,27.1,64.0
157,6,2024-06-11,13.6,2.2,6.8,79.7
158,6,2024-06-20,26.6,18.3,3.4,42.6
159,6,2024-06-09,9.4,-0.5,1.5,25.5
160,6,2024-09-30,37.3,27.0,41.1,50.9
161,6,2024-08-30,4.2,-1.7,1.3,78.9
162,7,2024-01-01,22.2,16.7,4.0,62.4
163,7,2024-01-10,20.7,8.8,18.7,68.2
164,7,2024-01-29,16.9,10.6,20.4,77.5
165,7,2024-02-03,36.3,27.0,10.1,16.4
166,7,2024-02-06,40.0,24.9,24.5,26.0
167,7,2024-03-11,35.1,23.8,30.4,65.9
168,7,2024-03-13,18.4,5.3,26.8,51.3
169,7,2024-02-19,20.5,8.9,2.1,79.7
170,7,2024-04-14,36.6,30.0,38.3,77.0
171,7,2024-03-31,11.0,2.8,41.4,36.9
172,7,2024-05-10,14.3,0.6,45.2,37.1
173,7,2024-06-03,3.6,-4.5,29.3,71.5
174,7,2024-04-18,14.7,8.6,22.7,71.7
175,7,2024-05-10,32.8,26.4,32.4,56.9
176,7,2024-05-06,26.5,21.0,22.5,29.0
177,7,2024-07-14,31.9,18.4,8.0,44.0
178,7,2024-04-22,33.2,20.3,33.0,12.0
179,7,2024-06-02,8.4,-2.4,15.5,61.5
180,7,2024-09-09,9.6,-0.8,48.0,0.3
181,7,2024-07-28,0.5,-9.5,40.4,48.6
182,7,2024-10-07,10.0,-0.3,20.5,6.4
183,7,2024-05-27,10.1,-0.9,27.9,66.0
184,7,2024-06-03,4.7,-1.7,7.3,2.6
185,7,2024-09-10,10.8,5.6,49.7,12.9
186,7,2024-09-21,25.6,13.9,39.4,14.2
187,7,2024-12-16,29.1,22.8,38.4,25.8
188,7,2024-12-04,34.4,20.8,3.2,37.7
189,7,2024-08-04,26.4,17.6,26.2,55.7
190,8,2024-01-01,25.7,12.7,4.4,57.9
191,8,2024-01-12,19.2,8.5,28.8,49.9
192,8,2024-01-19,24.5,13.2,24.9,64.6
193,8,2024-01-31,31.2,21.3,1.2,50.0
194,8,2024-02-02,27.7,18.8,20.7,3.6
195,8,2024-03-01,23.2,15.3,10.1,22.5
196,8,2024-02-18,12.4,3.4,0.3,54.9
197,8,2024-03-25,16.3,3.1,41.6,15.5
198,8,2024-04-06,36.8,27.0,1.8,10.9
199,8,2024-03-22,27.4,14.9,16.8,62.7
200,8,2024-05-10,34.4,27.0,28.2,54.3
201,8,2024-03-18,9.4,-3.5,44.4,28.3
202,8,2024-04-18,8.4,-1.7,31.3,67.4
203,8,2024-06-18,5.2,-4.2,15.4,68.6
204,8,2024-04-08,8.4,-1.4,18.6,66.4
205,8,2024-06-14,7.5,1.0,39.2,62.2
206,8,2024-05-08,14.9,7.9,25.0,15.2
207,8,2024-08-26,29.4,17.6,7.2,69.7
208,8,2024-06-11,5.4,-1.1,43.2,9.3
209,8,2024-07-28,38.4,26.7,4.4,37.4
210,8,2024-05-20,5.7,-7.3,1.1,60.7
211,9,2024-01-01,6.7,-2.2,38.6,53.7
212,9,2024-01-12,4.6,-1.1,31.1,41.1
213,9,2024-01-21,22.0,13.1,47.2,64.3
214,9,2024-01-31,5.7,-5.5,27.0,4.1
215,9,2024-01-29,19.9,11.2,2.7,34.1
216,9,2024-02-15,30.5,17.4,34.5,35.7
217,9,2024-03-13,14.4,1.2,33.5,42.7
218,9,2024-04-08,20.3,10.9,34.9,7.8
219,9,2024-03-29,28.6,17.6,11.6,17.9
220,9,2024-04-09,35.9,25.3,33.3,63.1
221,9,2024-04-30,15.3,8.3,17.6,36.9
222,9,2024-04-09,10.4,0.8,25.4,32.5
223,9,2024-04-06,13.9,1.3,26.6,32.1
224,9,2024-06-18,8.0,1.6,24.1,5.3
225,9,2024-05-20,33.1,20.9,21.8,63.0
226,9,2024-05-30,7.9,-4.5,35.6,66.9
227,9,2024-05-08,23.5,13.4,41.1,14.1
228,9,2024-08-09,0.4,-9.1,38.6,30.3
229,9,2024-09-09,23.2,17.5,6.9,46.5
230,9,2024-05-13,31.2,20.6,14.6,49.2
231,9,2024-10-07,8.9,-1.1,28.5,73.1
232,9,2024-08-19,39.4,25.4,45.8,79.2
233,9,2024-06-03,24.5,12.4,42.6,5.0
234,9,2024-06-10,0.4,-12.8,5.5,22.6
235,9,2024-06-17,10.6,0.0,15.9,30.6
236,9,2024-11-21,15.7,9.4,7.0,44.4
237,10,2024-01-01,9.2,-4.8,6.7,5.7
238,10,2024-01-08,8.1,-5.2,48.7,10.9
239,10,2024-01-19,25.2,16.0,39.4,48.4
240,10,2024-02-09,24.7,15.4,41.0,30.8
241,10,2024-02-10,8.1,-3.0,42.3,18.9
242,10,2024-02-25,16.7,7.2,48.9,45.5
243,10,2024-03-13,4.4,-6.6,7.1,58.5
244,10,2024-03-18,16.1,6.3,4.4,37.8
245,10,2024-03-05,27.6,16.9,30.7,72.3
246,10,2024-03-04,18.8,8.9,36.7,33.7
247,10,2024-04-20,8.8,-1.0,37.5,58.2
248,10,2024-05-01,2.3,-5.6,2.6,79.2
249,10,2024-03-25,9.0,1.4,42.6,22.2
250,10,2024-04-27,23.3,16.1,37.1,48.3
251,10,2024-05-06,25.6,18.3,39.1,18.9
252,10,2024-05-15,34.1,22.9,4.2,11.6
253,10,2024-05-24,35.0,24.0,19.2,52.9
254,10,2024-06-02,9.8,-0.6,32.1,60.4
255,10,2024-05-24,1.9,-7.8,23.8,75.9
256,10,2024-07-09,16.4,5.3,7.3,69.6
257,10,2024-05-20,13.3,2.3,15.8,42.4
258,10,2024-05-27,4.1,-5.2,42.2,48.8
259,10,2024-08-30,12.0,5.8,32.7,31.3
260,10,2024-08-18,29.9,21.2,16.9,55.2
261,10,2024-08-04,9.6,5.5,3.4,32.9
262,10,2024-07-19,26.5,16.1,12.6,2.7
263,10,2024-07-27,2.8,-10.1,10.8,48.0
264,10,2024-08-04,26.0,16.2,6.5,52.5
265,10,2024-09-09,37.0,27.3,23.3,74.9
266,10,2025-02-10,35.6,27.3,45.2,61.6
267,10,2024-12-26,12.0,1.6,3.1,31.1
268,11,2024-01-01,36.8,28.6,24.6,74.3
269,11,2024-01-14,7.1,-0.7,38.4,17.5
270,11,2024-01-17,37.8,28.9,3.6,45.7
271,11,2024-02-03,28.2,21.1,32.6,0.1
272,11,2024-01-29,25.2,15.4,45.2,46.0
273,11,2024-03-11,18.5,7.8,40.6,5.6
274,11,2024-03-01,2.9,-11.8,24.1,45.4
275,11,2024-03-25,12.2,6.0,49.9,51.8
276,11,2024-04-06,24.2,13.9,23.0,61.3
277,11,2024-03-31,4.3,-2.2,9.6,55.7
278,11,2024-03-21,24.4,17.7,31.6,58.8
279,11,2024-04-09,-1.4,-11.6,11.9,31.1
280,11,2024-05-12,22.8,8.1,48.3,1.3
281,11,2024-06-05,4.0,-5.0,5.9,64.6
282,11,2024-07-15,39.8,27.4,37.1,18.6
283,11,2024-04-30,-0.7,-9.4,23.6,73.4
284,11,2024-04-22,10.6,2.6,31.6,72.4
285,11,2024-05-16,16.3,7.7,40.9,8.5
286,11,2024-09-09,24.5,16.4,10.1,27.0
287,11,2024-09-04,15.8,2.5,6.9,66.9
288,11,2024-07-19,31.1,21.6,6.0,11.3
289,12,2024-01-01,28.2,18.2,46.3,3.3
290,12,2024-01-09,32.4,22.4,7.9,70.4
291,12,2024-01-17,-1.7,-7.3,32.6,71.0
292,12,2024-02-09,29.5,17.9,6.3,11.4
293,12,2024-02-14,20.4,8.3,30.5,3.0
294,12,2024-02-15,29.4,21.2,41.3,24.1
295,12,2024-03-19,-1.4,-7.5,26.5,7.7
296,12,2024-03-25,37.4,24.5,23.2,50.1
297,12,2024-03-21,9.2,-0.7,34.3,77.5
298,12,2024-05-06,17.9,7.4,2.7,29.1
299,12,2024-04-10,16.4,5.6,37.9,3.5
300,12,2024-03-18,35.0,25.3,24.3,9.3
301,12,2024-04-30,29.4,19.9,9.9,54.1
302,12,2024-06-05,6.9,0.8,11.9,33.0
303,12,2024-05-20,13.3,5.2,24.2,71.2
304,12,2024-05-15,9.3,0.6,18.7,36.6
305,12,2024-06-09,28.1,17.1,6.4,55.4
306,12,2024-04-29,8.9,1.4,20.9,60.8
307,12,2024-06-29,36.1,23.7,31.9,48.9
308,12,2024-06-20,23.4,14.7,20.6,41.7
309,12,2024-07-19,25.7,15.0,36.5,58.9
310,12,2024-07-29,9.5,1.6,46.4,75.7
311,12,2024-06-03,14.0,3.8,36.7,40.3
312,12,2024-10-26,21.1,9.5,41.1,36.2
313,12,2024-08-28,4.8,-7.8,20.3,17.4
314,12,2024-10-27,12.7,4.3,24.0,24.4
315,12,2024-12-30,35.8,27.2,22.7,61.7
316,12,2024-12-17,9.6,-3.4,35.2,0.1
317,12,2024-08-12,16.5,5.2,14.8,60.2
318,12,2024-10-17,29.0,19.2,36.8,4.4
319,12,2024-12-26,33.2,26.3,31.0,29.2
320,12,2024-10-06,27.2,15.6,38.7,11.1
321,12,2025-01-19,7.2,-0.3,47.0,46.4
322,13,2024-01-01,15.2,2.8,21.1,4.4
323,13,2024-01-13,13.7,3.6,6.1,56.8
324,13,2024-01-23,17.3,7.0,34.7,78.2
325,13,2024-01-25,9.8,0.0,19.5,14.3
326,13,2024-02-02,3.0,-6.8,24.8,70.0
327,13,2024-02-05,14.5,1.5,6.6,27.7
328,13,2024-03-25,26.6,21.4,1.1,64.2
329,13,2024-03-25,15.5,5.6,16.3,47.5
330,13,2024-04-22,18.7,5.9,15.3,63.1
331,13,2024-03-31,22.2,7.8,2.4,28.2
332,13,2024-05-20,39.0,30.3,26.8,14.6
333,13,2024-04-09,34.7,22.6,7.7,19.0
334,13,2024-03-25,40.2,30.1,18.5,16.4
335,13,2024-04-01,29.5,18.7,22.4,78.0
336,13,2024-06-03,2.0,-7.7,38.4,75.8
337,13,2024-06-29,9.1,-4.0,25.4,51.8
338,13,2024-06-25,17.7,6.3,49.0,45.9
339,13,2024-06-02,33.4,19.4,16.9,9.0
340,13,2024-09-09,33.8,25.7,15.4,32.1
341,13,2024-07-09,15.4,10.5,32.1,46.7
342,13,2024-07-19,32.9,23.1,4.2,68.0
343,13,2024-06-17,38.4,29.1,30.2,40.9
344,13,2024-06-03,35.5,28.5,42.7,29.6
345,13,2024-10-03,-0.4,-8.4,22.3,44.9
346,13,2024-08-28,28.8,16.2,40.2,23.1
347,13,2024-11-21,28.6,17.1,29.9,11.5
348,14,2024-01-01,39.7,30.5,46.7,47.3
349,14,2024-01-14,3.0,-8.9,20.7,44.5
350,14,2024-01-19,10.0,-0.8,24.5,65.8
351,14,2024-02-03,32.2,23.0,23.2,2.1
352,14,2024-01-29,5.0,-4.7,31.8,9.9
353,14,2024-02-25,16.6,5.6,12.2,9.5
354,14,2024-03-07,22.5,9.1,18.1,38.4
355,14,2024-04-01,35.5,24.9,34.7,9.6
356,14,2024-02-26,31.8,26.5,16.0,70.3
357,14,2024-03-22,11.6,5.1,31.8,76.4
358,14,2024-03-11,11.8,-1.0,25.7,61.3
359,14,2024-04-09,31.2,22.6,16.1,25.3
360,14,2024-05-12,12.0,1.7,26.7,28.1
361,14,2024-04-27,0.6,-8.7,24.2,27.2
362,14,2024-05-06,2.0,-4.2,9.4,71.8
363,14,2024-04-30,19.2,9.0,6.6,1.4
364,14,2024-07-11,11.6,0.6,44.5,47.8
365,14,2024-07-23,5.7,-4.6,5.9,10.3
366,14,2024-06-11,26.4,19.3,49.1,34.0
367,14,2024-06-01,4.8,-8.4,2.1,8.6
368,14,2024-05-20,21.2,11.5,15.1,0.8
369,14,2024-06-17,33.8,23.1,45.1,14.8
370,14,2024-09-21,-1.0,-10.3,13.9,46.4
371,14,2024-10-03,6.4,-4.9,12.1,45.6
372,14,2024-07-11,34.4,22.6,35.8,77.1
373,14,2024-08-13,36.3,23.2,4.9,17.1
374,14,2024-12-30,15.2,5.0,47.9,14.5
375,14,2024-11-20,38.8,29.2,20.4,60.9
376,14,2024-12-02,2.6,-2.9,38.1,56.4
377,15,2024-01-01,10.8,4.4,30.0,25.0
378,15,2024-01-15,8.5,-3.9,21.4,68.5
379,15,2024-01-29,36.8,30.5,33.7,53.8
380,15,2024-02-09,18.5,10.0,7.2,32.0
381,15,2024-02-02,32.0,21.6,18.2,15.9
382,15,2024-02-20,26.7,16.1,41.9,58.0
383,15,2024-03-07,32.2,20.0,37.8,64.1
384,15,2024-04-01,15.2,1.5,49.4,40.9
385,15,2024-03-13,28.4,22.2,24.9,50.3
386,15,2024-03-22,2.6,-10.8,24.9,2.1
387,15,2024-03-31,16.4,7.4,31.1,7.7
388,15,2024-03-29,26.6,16.5,23.3,23.5
389,15,2024-06-17,18.2,10.5,43.0,43.7
390,15,2024-04-01,41.9,31.9,22.5,68.2
391,15,2024-07-15,15.6,8.0,43.0,24.2
392,15,2024-05-15,17.5,8.4,24.4,8.8
393,15,2024-08-12,27.5,16.0,23.8,68.3
394,15,2024-04-29,15.6,2.8,30.8,28.2
395,15,2024-07-17,10.0,5.5,41.8,27.9
396,15,2024-05-13,31.4,21.3,21.4,79.4
397,15,2024-09-17,15.0,5.6,32.4,47.4
398,16,2024-01-01,2.6,-5.7,1.9,52.6
399,16,2024-01-14,25.1,14.1,34.8,47.0
400,16,2024-01-25,14.5,4.7,40.4,8.0
401,16,2024-01-31,13.5,1.8,17.0,49.2
402,16,2024-02-18,37.0,28.0,48.7,6.0
403,16,2024-02-20,8.8,-1.5,20.1,18.1
404,16,2024-02-18,29.2,18.2,13.7,45.3
405,16,2024-04-08,16.2,9.6,41.2,40.4
406,16,2024-03-29,17.6,9.1,20.1,50.0
407,16,2024-05-06,27.1,14.6,31.4,41.3
408,16,2024-03-31,21.4,10.3,37.1,37.4
409,16,2024-05-23,38.7,30.0,10.0,37.0
410,16,2024-04-30,7.1,-2.8,21.8,25.5
411,16,2024-04-14,27.4,16.8,14.4,12.8
412,16,2024-05-20,13.9,8.1,12.3,66.2
413,16,2024-07-29,22.4,9.9,45.3,16.2
414,16,2024-06-25,4.0,-6.4,32.9,14.1
415,16,2024-04-29,38.5,31.4,43.0,6.7
416,16,2024-07-17,37.1,25.2,18.2,52.6
417,16,2024-06-01,17.9,3.8,11.8,45.7
418,16,2024-06-09,22.9,8.2,46.6,20.1
419,16,2024-06-17,7.3,-2.3,16.5,46.7
420,17,2024-01-01,35.7,29.8,10.7,22.0
421,17,2024-01-14,10.7,0.2,18.7,75.9
422,17,2024-01-25,21.7,13.4,13.9,62.7
423,17,2024-01-28,15.8,2.6,1.1,77.3
424,17,2024-01-29,34.6,21.0,34.5,63.1
425,17,2024-02-20,9.4,-0.7,35.0,72.3
426,17,2024-02-18,19.8,11.7,0.4,76.9
427,17,2024-03-18,14.7,0.5,14.9,68.8
428,17,2024-03-13,37.4,24.4,38.3,32.5
429,17,2024-03-04,8.4,-0.7,24.6,59.0
430,17,2024-04-30,31.0,16.8,41.2,55.9
431,17,2024-03-29,14.7,2.2,36.9,36.3
432,17,2024-03-25,31.3,22.4,22.2,51.3
433,17,2024-04-01,16.8,7.1,4.1,12.6
434,17,2024-05-06,35.0,22.1,16.0,38.3
435,17,2024-05-15,11.6,-1.5,40.0,15.9
436,17,2024-07-27,14.1,5.4,41.7,45.6
437,17,2024-04-29,40.5,27.0,31.3,72.5
438,17,2024-09-09,9.1,-0.1,20.1,34.3
439,17,2024-07-28,8.7,-2.1,28.4,1.1
440,17,2024-09-17,33.5,19.0,24.7,18.0
441,17,2024-07-29,9.8,-4.1,14.4,39.5
442,17,2024-07-17,15.5,9.0,41.2,58.1
443,17,2024-08-18,16.2,8.9,14.5,20.9
444,17,2024-12-02,35.5,25.2,22.9,0.8
445,17,2024-08-13,37.7,25.5,10.6,30.7
446,17,2024-12-04,28.0,21.9,2.9,26.6
447,17,2024-09-27,18.0,8.2,33.5,64.2
448,17,2024-07-15,0.2,-9.1,48.9,53.7
449,17,2024-09-18,39.1,28.2,13.0,40.3
450,17,2024-12-26,32.9,26.2,26.5,11.3
451,17,2024-09-05,15.4,2.5,48.7,22.5
452,18,2024-01-01,13.6,0.6,38.1,21.1
453,18,2024-01-13,15.4,6.0,24.6,76.0
454,18,2024-01-29,0.0,-6.3,1.8,20.8
455,18,2024-02-12,20.4,4.9,2.0,28.5
456,18,2024-02-26,16.0,7.0,7.4,28.0
457,18,2024-02-20,32.8,26.7,25.4,21.8
458,18,2024-03-01,26.2,13.2,28.5,33.3
459,18,2024-02-26,9.8,2.3,16.4,22.7
460,18,2024-03-05,16.3,3.1,41.8,12.3
461,18,2024-03-13,19.7,8.5,31.4,21.5
462,18,2024-03-11,10.4,2.4,22.7,75.8
463,18,2024-04-09,5.7,-2.4,16.2,4.4
464,18,2024-04-06,22.5,14.3,12.8,19.2
465,18,2024-06-18,5.7,-4.4,39.0,22.8
466,18,2024-05-06,4.8,-4.8,40.3,24.8
467,18,2024-05-15,11.9,5.2,10.0,35.6
468,18,2024-07-27,19.4,9.5,37.8,64.9
469,18,2024-06-02,16.9,10.1,17.1,37.1
470,18,2024-06-29,27.2,13.3,26.4,51.8
471,18,2024-06-01,11.3,-0.8,23.9,11.9
472,18,2024-06-29,26.2,18.9,21.4,45.5
473,18,2024-06-17,36.8,26.6,20.7,37.2
474,18,2024-08-30,14.7,2.6,0.8,59.2
475,18,2024-11-18,5.3,-2.2,4.2,70.1
476,18,2024-09-21,13.9,1.0,22.5,64.6
477,18,2024-10-27,40.9,30.5,9.3,59.8
478,18,2024-10-13,32.5,24.7,0.3,9.3
479,18,2024-08-31,26.0,16.8,32.9,59.5
480,18,2025-01-27,14.0,1.4,34.5,77.1
481,18,2025-01-12,29.7,24.4,9.5,65.3
482,18,2024-10-27,32.6,23.5,32.5,34.9
483,19,2024-01-01,11.8,2.2,1.1,13.3
484,19,2024-01-10,29.2,19.6,1.0,36.0
485,19,2024-01-21,8.5,-3.9,2.5,0.6
486,19,2024-02-09,41.3,27.8,29.8,44.3
487,19,2024-02-14,0.9,-8.6,36.2,74.8
488,19,2024-03-11,6.6,2.2,28.8,44.3
489,19,2024-03-07,35.2,25.9,24.7,75.1
490,19,2024-03-25,17.6,10.0,36.3,37.5
491,19,2024-04-22,7.6,-3.2,17.0,48.2
492,19,2024-05-06,4.0,-6.0,48.0,66.6
493,19,2024-04-30,33.6,19.8,31.1,22.6
494,19,2024-03-29,24.5,18.5,30.3,8.1
495,19,2024-06-05,37.7,29.3,27.8,79.9
496,19,2024-06-05,34.4,27.3,41.4,71.6
497,19,2024-04-08,31.3,24.6,11.3,45.0
498,19,2024-07-29,9.4,1.2,2.3,70.2
499,19,2024-06-25,38.0,23.6,30.2,8.3
500,19,2024-04-29,36.7,27.3,42.1,8.9
501,19,2024-05-24,31.9,19.1,5.1,45.0
502,19,2024-06-01,4.4,-1.6,18.1,58.3
503,19,2024-10-07,30.5,18.3,7.7,29.1
504,19,2024-07-08,3.1,-7.9,38.5,0.5
505,19,2024-11-04,13.7,6.1,18.6,60.4
506,19,2024-10-03,23.7,13.7,26.5,63.0
507,19,2024-08-04,31.6,22.6,22.9,68.2
508,19,2024-10-27,37.4,26.1,35.9,41.4
509,20,2024-01-01,12.9,1.9,21.7,31.5
510,20,2024-01-08,27.3,14.0,2.9,50.5
511,20,2024-01-23,19.1,5.6,43.7,57.7
512,20,2024-02-06,33.4,27.7,26.4,73.6
513,20,2024-02-22,16.1,7.6,39.4,52.2
514,20,2024-03-01,37.2,26.1,9.9,24.1
515,20,2024-02-12,20.8,10.2,44.0,41.6
516,20,2024-03-18,8.6,-0.3,17.0,50.9
517,20,2024-02-26,2.9,-9.4,12.1,61.9
518,20,2024-04-27,37.1,32.1,18.6,50.2
519,20,2024-04-30,6.5,-7.7,22.4,45.8
520,20,2024-03-18,21.0,6.3,49.5,45.2
521,20,2024-04-30,12.7,2.3,35.7,53.8
522,20,2024-06-18,19.3,11.8,29.1,65.8
523,20,2024-06-17,16.1,8.6,20.6,7.4
524,20,2024-07-14,35.4,25.9,18.5,42.1
525,20,2024-07-27,35.4,24.1,49.8,55.1
526,20,2024-08-26,28.8,21.3,25.3,38.8
527,20,2024-09-09,6.4,-7.0,5.9,17.0
528,20,2024-09-23,-0.8,-9.0,46.1,9.5
529,20,2024-09-17,3.6,-4.3,26.1,9.4
530,20,2024-08-19,38.5,29.7,39.6,11.4
531,21,2024-01-01,36.3,28.8,9.2,59.2
532,21,2024-01-08,4.0,-7.3,20.9,45.8
533,21,2024-01-29,37.7,26.2,36.0,48.5
534,21,2024-01-28,20.0,10.5,22.5,69.3
535,21,2024-02-18,4.3,-7.2,19.4,72.0
536,21,2024-03-01,24.4,9.3,36.8,51.7
537,21,2024-02-24,28.7,16.5,35.4,44.9
538,21,2024-02-26,23.3,13.0,27.1,60.6
539,21,2024-03-21,30.0,22.9,32.9,42.5
540,21,2024-03-04,9.2,-1.0,41.9,46.4
541,21,2024-03-21,32.9,22.9,2.2,69.0
542,21,2024-03-18,11.7,6.5,26.4,30.6
543,21,2024-04-06,2.2,-3.4,7.2,20.4
544,21,2024-04-14,8.9,-4.9,2.9,76.9
545,21,2024-05-06,-1.6,-8.3,16.0,33.0
546,21,2024-06-29,13.0,-2.1,2.6,19.2
547,21,2024-06-09,21.2,10.4,5.8,4.9
548,21,2024-08-26,19.5,15.0,31.7,73.1
549,21,2024-05-06,13.5,-0.3,12.3,44.4
550,21,2024-06-20,11.6,4.7,31.8,16.3
551,21,2024-06-29,17.8,3.2,26.9,33.9
552,21,2024-10-21,3.5,-11.1,31.0,52.2
553,21,2024-07-17,2.6,-9.9,29.9,67.2
554,21,2024-10-26,42.0,31.7,42.0,22.5
555,21,2024-08-04,29.9,20.8,19.8,9.8
556,21,2024-08-13,32.0,16.7,10.5,40.4
557,21,2024-11-08,38.0,24.5,49.0,56.6
558,21,2024-10-24,12.7,0.8,23.0,48.0
559,21,2024-07-15,34.4,24.0,30.4,0.3
560,21,2024-07-22,26.4,14.5,35.2,61.0
561,21,2024-08-28,32.4,24.0,1.5,66.6
562,21,2025-03-10,26.0,15.0,41.4,28.6
563,21,2024-10-15,35.4,20.7,6.2,29.6
564,22,2024-01-01,1.8,-11.2,34.0,56.7
565,22,2024-01-11,4.3,-5.2,35.9,18.7
566,22,2024-01-29,35.9,28.7,35.2,48.5
567,22,2024-01-22,9.8,-1.5,43.5,45.5
568,22,2024-02-26,5.0,-4.6,33.6,48.2
569,22,2024-02-15,0.4,-4.8,13.0,45.6
570,22,2024-03-01,36.6,26.6,42.4,1.8
571,22,2024-03-18,29.5,20.2,21.4,53.8
572,22,2024-02-26,33.1,22.1,20.3,9.7
573,22,2024-05-06,19.9,12.6,36.1,3.8
574,22,2024-05-10,20.2,11.9,16.7,70.4
575,22,2024-03-18,38.0,28.5,47.9,73.4
576,22,2024-04-30,5.4,-4.2,4.8,38.4
577,22,2024-04-01,24.5,14.7,12.5,8.6
578,22,2024-05-20,40.3,26.4,26.0,18.9
579,22,2024-04-30,31.7,19.4,31.3,46.3
580,22,2024-05-08,41.5,29.7,44.5,55.5
581,22,2024-06-02,4.3,-4.8,30.5,34.5
582,22,2024-05-24,27.5,18.3,19.1,7.7
583,22,2024-09-04,9.9,-1.6,0.5,30.7
584,22,2024-09-17,35.9,26.2,46.9,62.6
585,22,2024-10-21,21.2,13.0,0.6,57.1
586,22,2024-08-08,33.9,26.1,17.8,38.5
587,22,2024-11-18,5.3,0.2,6.4,46.8
588,22,2024-10-15,14.8,0.8,7.4,24.7
589,22,2024-10-27,14.5,1.5,32.9,11.6
590,23,2024-01-01,15.1,8.7,45.4,62.8
591,23,2024-01-13,7.4,-3.6,23.4,55.4
592,23,2024-01-25,24.2,16.7,22.7,63.1
593,23,2024-01-22,22.4,9.0,34.7,37.3
594,23,2024-02-10,11.0,-3.2,16.6,59.2
595,23,2024-02-20,18.0,9.0,0.5,28.6
596,23,2024-02-18,5.3,-5.1,45.6,28.8
597,23,2024-02-19,6.7,-0.3,13.1,13.9
598,23,2024-03-21,4.3,-4.9,45.5,1.7
599,23,2024-03-22,16.9,7.5,46.8,24.4
600,23,2024-04-10,14.0,6.8,26.3,63.9
601,23,2024-05-23,32.5,27.3,46.2,63.6
602,23,2024-04-30,22.5,12.4,21.5,50.9
603,23,2024-04-01,31.0,18.4,14.7,11.9
604,23,2024-05-20,3.9,-10.1,42.6,77.5
605,23,2024-07-29,5.9,-1.5,33.2,5.2
606,23,2024-07-27,30.9,20.0,24.9,37.1
607,23,2024-07-23,28.7,18.6,47.8,37.9
608,23,2024-08-22,27.3,14.6,10.4,71.6
609,23,2024-09-23,33.9,25.7,44.4,45.7
610,23,2024-08-28,7.7,-1.3,14.8,41.5
611,23,2024-07-29,23.2,12.6,21.3,37.4
612,23,2024-10-13,14.7,6.1,1.2,35.3
613,23,2024-09-10,25.0,18.3,42.1,41.0
614,23,2024-07-11,34.0,23.8,3.6,3.1
615,23,2024-09-07,14.4,4.9,37.3,61.5
616,23,2024-10-13,8.2,-0.2,42.7,57.3
617,24,2024-01-01,29.5,21.7,49.8,75.7
618,24,2024-01-08,19.0,7.3,7.5,31.8
619,24,2024-01-21,27.2,20.5,29.4,44.2
620,24,2024-02-12,28.7,17.1,15.7,15.0
621,24,2024-02-22,8.1,-2.0,18.7,46.2
622,24,2024-02-15,13.6,2.2,32.9,28.4
623,24,2024-03-01,17.9,7.3,38.9,43.0
624,24,2024-03-25,23.9,16.3,7.0,78.2
625,24,2024-04-06,24.5,10.2,28.7,31.3
626,24,2024-04-27,7.5,-2.0,9.4,8.7
627,24,2024-05-20,24.4,17.5,33.7,14.2
628,24,2024-06-03,-0.7,-11.4,19.3,16.5
629,24,2024-05-12,23.8,19.0,25.9,13.7
630,24,2024-06-18,18.6,7.9,20.9,59.5
631,24,2024-07-01,40.4,30.4,10.3,34.6
632,24,2024-07-29,6.8,-2.5,10.1,57.3
633,24,2024-08-12,8.1,3.2,3.2,31.9
634,24,2024-06-19,23.5,8.8,23.0,46.1
635,24,2024-05-24,13.8,1.8,35.0,56.9
636,24,2024-07-28,17.6,3.5,20.8,14.4
637,24,2024-09-17,20.8,10.2,28.4,31.5
638,24,2024-05-27,11.8,0.9,31.4,23.4
639,24,2024-06-25,29.3,19.6,24.7,79.4
640,24,2024-07-03,37.3,32.2,38.3,26.1
641,24,2024-12-02,4.8,-0.7,1.3,51.1
642,24,2024-12-16,16.7,3.1,19.8,0.9
643,24,2024-07-27,26.2,17.3,23.2,36.9
644,24,2024-08-04,20.4,9.2,7.0,65.6
645,25,2024-01-01,34.2,25.5,6.2,59.3
646,25,2024-01-10,4.7,-8.0,7.7,28.6
647,25,2024-01-21,30.9,18.4,22.1,3.8
648,25,2024-01-25,14.5,8.3,0.2,61.8
649,25,2024-02-10,36.4,28.7,4.6,33.7
650,25,2024-02-05,11.6,2.5,11.0,70.6
651,25,2024-02-24,26.2,18.9,40.8,25.8
652,25,2024-03-11,27.6,15.6,21.4,18.6
653,25,2024-03-05,12.3,4.9,15.8,31.1
654,25,2024-05-06,9.8,0.1,31.2,3.5
655,25,2024-04-10,18.0,6.4,49.5,57.0
656,25,2024-04-09,7.6,1.1,31.5,31.1
657,25,2024-04-18,14.1,1.0,15.9,68.1
658,25,2024-07-01,-0.2,-9.8,22.4,40.9
659,25,2024-05-20,21.4,13.1,1.1,60.7
660,25,2024-04-30,13.8,0.8,31.0,4.8
661,25,2024-07-11,18.2,10.7,32.1,19.0
662,25,2024-08-26,28.5,20.9,32.2,60.8
663,25,2024-08-22,24.7,18.8,42.3,26.5
664,25,2024-07-09,5.6,-4.3,49.4,64.1
665,25,2024-07-19,23.6,15.4,22.1,0.5
666,25,2024-10-21,1.0,-8.0,7.1,16.3
667,25,2024-06-25,7.2,-4.8,10.2,40.6
668,25,2024-10-26,27.9,17.7,12.2,14.1
669,25,2024-08-28,12.6,-0.7,10.1,69.0
670,26,2024-01-01,37.2,28.8,23.5,33.8
671,26,2024-01-14,32.3,18.7,1.0,30.5
672,26,2024-01-17,32.9,19.8,7.6,58.1
673,26,2024-02-03,14.1,6.5,28.1,38.5
674,26,2024-02-18,5.3,-2.5,9.5,1.0
675,26,2024-03-01,22.2,7.0,48.5,29.9
676,26,2024-03-25,15.2,4.9,44.2,79.4
677,26,2024-02-26,15.8,7.2,21.8,20.4
678,26,2024-04-06,20.3,9.3,34.8,52.1
679,26,2024-04-27,27.9,22.2,40.7,50.5
680,26,2024-03-11,28.8,19.3,22.8,54.5
681,26,2024-05-01,10.4,-1.1,8.1,9.3
682,26,2024-04-06,28.3,16.4,29.3,72.1
683,26,2024-05-10,33.0,25.5,34.6,40.1
684,26,2024-07-01,24.8,11.9,46.2,69.6
685,26,2024-04-30,27.1,16.4,7.1,59.9
686,26,2024-07-27,25.0,19.9,24.6,7.7
687,26,2024-08-09,21.9,9.6,8.5,30.0
688,26,2024-06-11,6.0,-4.8,22.5,65.1
689,26,2024-06-20,9.5,-3.8,9.6,78.6
690,26,2024-09-17,20.1,10.0,31.8,6.4
691,26,2024-06-17,13.8,6.1,29.3,38.2
692,26,2024-06-25,-1.0,-12.4,33.3,63.1
693,26,2024-06-10,4.0,-3.2,30.1,79.0
694,26,2024-09-21,37.1,28.3,21.5,29.7
695,26,2024-10-27,41.9,27.3,33.3,30.3
696,26,2024-07-01,41.3,27.2,0.2,69.6
697,26,2024-12-17,31.3,21.2,30.1,69.5
698,26,2024-11-04,39.6,29.6,22.6,54.9
699,26,2025-02-10,21.6,13.6,31.9,75.4
700,26,2024-12-26,-0.2,-6.6,40.4,26.0
701,26,2025-03-10,9.2,-2.1,39.7,27.9
702,26,2025-03-24,41.6,27.0,36.7,23.5
703,26,2024-11-26,30.7,16.2,39.2,57.3
704,26,2024-08-26,6.9,-3.7,33.7,43.9
705,27,2024-01-01,38.6,26.0,27.0,19.5
706,27,2024-01-10,31.1,22.6,21.7,57.3
707,27,2024-01-19,36.1,27.9,14.0,57.5
708,27,2024-02-12,39.1,27.1,46.1,50.7
709,27,2024-02-26,4.8,-8.6,46.6,61.3
710,27,2024-02-10,25.0,14.5,36.8,30.5
711,27,2024-03-19,30.7,24.6,4.4,7.1
712,27,2024-03-11,27.5,20.6,42.7,76.3
713,27,2024-02-26,13.0,4.3,19.4,33.9
714,27,2024-04-18,34.5,24.1,33.2,47.3
715,27,2024-03-21,16.0,6.0,7.2,75.4
716,27,2024-04-20,19.7,9.4,7.3,53.2
717,27,2024-03-25,22.8,11.0,6.2,79.7
718,27,2024-07-01,23.5,16.5,48.3,4.7
719,27,2024-06-17,7.4,-6.0,46.7,18.0
720,27,2024-04-15,38.6,24.8,36.4,23.9
721,27,2024-05-24,39.9,30.6,33.9,79.2
722,27,2024-08-09,15.8,6.9,34.8,15.6
723,27,2024-08-22,2.8,-7.9,43.3,4.3
724,27,2024-07-28,16.3,10.5,34.8,23.3
725,27,2024-06-29,10.2,0.2,32.6,29.0
726,27,2024-06-17,30.1,19.2,47.5,34.2
727,27,2024-07-17,34.6,24.2,9.0,4.2
728,27,2024-10-03,26.6,13.0,20.2,2.7
729,27,2024-08-28,14.7,5.3,8.6,59.6
730,27,2024-07-19,33.3,20.2,13.8,52.3
731,27,2024-11-08,-1.8,-7.3,32.1,72.7
732,27,2024-09-27,1.4,-9.5,13.7,59.6
733,27,2024-09-09,18.4,4.1,14.9,10.0
734,27,2024-12-14,5.0,-9.2,9.2,65.0
735,27,2024-07-29,17.7,4.1,26.5,5.1
736,27,2024-09-05,28.4,19.2,5.9,69.0
737,27,2024-10-15,-0.1,-8.7,2.0,46.0
738,27,2024-10-24,2.1,-8.0,4.2,10.0
739,28,2024-01-01,36.7,25.8,32.9,19.9
740,28,2024-01-08,38.0,26.2,33.0,35.6
741,28,2024-01-29,27.9,14.9,17.6,43.1
742,28,2024-01-31,28.5,20.2,1.8,11.3
743,28,2024-02-10,38.9,30.0,18.0,10.3
744,28,2024-03-06,1.5,-6.3,45.2,32.0
745,28,2024-02-18,38.8,25.1,7.2,16.3
746,28,2024-03-18,41.0,31.7,18.6,52.6
747,28,2024-03-13,14.7,3.8,21.7,2.1
748,28,2024-03-31,0.8,-4.6,27.4,5.3
749,28,2024-03-21,13.5,5.9,43.4,18.1
750,28,2024-03-18,6.8,-4.4,47.6,62.6
751,28,2024-04-06,8.4,-1.8,41.1,39.2
752,28,2024-06-05,30.2,17.7,30.4,71.7
753,28,2024-05-06,14.2,4.6,40.3,54.2
754,28,2024-07-14,16.8,12.0,25.7,12.4
755,28,2024-05-24,6.1,-2.9,45.9,51.1
756,28,2024-07-23,26.8,17.6,35.3,14.6
757,28,2024-08-04,32.0,23.3,21.4,75.3
758,28,2024-07-09,14.4,-0.5,20.3,25.0
759,28,2024-06-09,22.8,16.9,4.7,46.0
760,28,2024-06-17,30.1,19.8,43.7,77.0
761,28,2024-10-13,29.7,19.3,24.9,54.8
762,28,2024-07-03,16.9,3.8,37.3,57.1
763,28,2024-10-15,11.2,-2.9,41.2,70.4
764,28,2024-06-24,27.1,13.2,44.1,41.9
765,28,2024-09-17,6.2,-0.8,17.7,4.1
766,28,2025-01-13,14.4,7.5,45.7,20.0
767,28,2024-08-12,11.5,3.0,0.1,50.5
768,29,2024-01-01,39.5,24.2,25.8,71.5
769,29,2024-01-15,37.8,28.4,0.3,36.8
770,29,2024-01-23,11.2,1.8,9.3,28.4
771,29,2024-01-25,15.4,7.1,44.9,32.9
772,29,2024-02-26,1.9,-8.2,23.5,29.9
773,29,2024-03-01,15.2,5.3,5.4,35.1
774,29,2024-03-25,5.6,-3.1,18.0,69.6
775,29,2024-03-11,3.1,-3.4,21.1,26.5
776,29,2024-02-26,4.6,-3.5,33.3,21.3
777,29,2024-04-27,19.5,8.5,6.4,60.1
778,29,2024-05-10,22.6,8.0,19.4,8.8
779,29,2024-03-29,29.5,22.6,0.7,54.8
780,29,2024-03-25,26.2,14.3,36.9,34.7
781,29,2024-05-23,8.8,1.7,30.9,58.3
782,29,2024-05-06,11.6,-2.2,49.7,19.8
783,29,2024-07-14,9.2,-3.9,35.1,40.2
784,29,2024-05-24,9.7,-3.2,7.4,9.6
785,29,2024-08-09,4.5,-11.0,21.3,49.3
786,29,2024-05-24,33.9,24.4,35.0,78.4
787,29,2024-07-09,13.3,3.4,32.2,24.3
788,29,2024-08-08,17.2,3.3,12.3,71.6
789,29,2024-07-08,-1.1,-9.8,10.6,37.8
790,29,2024-06-25,15.7,7.3,16.7,8.9
791,29,2024-06-10,28.9,19.5,18.0,64.8
792,29,2024-10-15,8.2,-1.0,4.4,8.5
793,29,2024-07-19,4.5,-10.7,40.9,15.4
794,29,2024-12-30,34.5,26.7,17.1,58.0
795,29,2024-09-27,19.3,13.6,20.9,56.9
796,29,2024-12-02,35.5,24.5,45.5,5.4
797,29,2025-01-12,23.7,9.2,8.3,21.9
798,29,2024-09-27,14.3,4.2,48.6,15.2
799,29,2025-02-07,20.0,9.7,3.7,35.0
800,30,2024-01-01,14.7,7.9,8.0,17.4
801,30,2024-01-08,36.9,25.4,35.4,42.0
802,30,2024-01-23,32.9,25.5,6.0,17.9
803,30,2024-01-31,12.5,-1.0,13.9,10.6
804,30,2024-01-29,24.2,13.8,26.7,0.1
805,30,2024-03-01,28.1,16.4,47.3,70.7
806,30,2024-03-07,28.3,18.2,16.2,4.6
807,30,2024-02-19,31.3,20.2,8.8,77.7
808,30,2024-03-05,30.0,16.2,12.9,50.1
809,30,2024-03-31,31.0,24.1,29.1,64.6
810,30,2024-05-10,4.6,-5.1,18.4,72.2
811,30,2024-03-29,19.6,7.9,8.8,45.6
812,30,2024-04-18,23.0,17.9,8.9,31.5
813,30,2024-05-10,0.2,-5.7,45.5,77.6
814,30,2024-04-22,26.8,17.5,0.6,8.0
815,30,2024-07-14,2.8,-10.8,32.2,3.5
816,30,2024-06-09,29.4,18.2,30.0,63.4
817,30,2024-04-29,35.9,26.9,16.9,56.6
818,30,2024-06-29,7.1,-6.8,40.8,24.6
819,30,2024-09-23,3.5,-5.0,31.4,9.8
820,30,2024-05-20,2.9,-6.0,41.8,11.3
821,30,2024-07-29,0.5,-6.9,32.8,18.1
822,30,2024-10-13,28.8,15.1,24.6,79.3
823,30,2024-08-18,6.8,-5.1,30.8,9.5
824,30,2024-07-11,36.5,27.8,26.5,48.0
825,30,2024-11-21,7.0,-2.8,40.9,27.9
826,30,2024-07-27,10.8,1.6,13.3,72.6
827,30,2024-08-04,33.7,18.7,38.9,11.7
828,30,2024-09-09,17.0,3.9,23.9,5.4
829,30,2025-01-12,37.1,30.8,49.7,14.5
830,30,2025-01-25,14.1,4.2,48.6,48.1
831,30,2025-01-07,8.2,-7.0,19.2,43.9
