id,repo_id,author,title,status,created_at,merged_at
1,1,rodriguezjohn,Possible power job personal so course.,merged,2024-08-15,2024-08-16
2,16,fuenteslaura,Challenge instead bring total school.,closed,2025-03-03,
3,23,ichambers,Likely teacher one cut notice street.,closed,2025-06-17,
4,25,ystephens,Bill summer it.,merged,2024-09-02,2024-09-04
5,20,ssalinas,Say other never fact maintain main.,closed,2025-05-26,
6,3,ichambers,Very toward test discussion art affect.,merged,2025-10-02,2025-10-16
7,30,gabriel90,As throughout individual list manager voice.,open,2025-09-21,
8,39,ystephens,Again explain court gas discussion.,closed,2025-04-06,
9,28,jeffrey88,Two table resource life third.,open,2025-01-03,
10,9,john26,Where strategy pull same somebody.,closed,2026-01-06,
11,23,vrasmussen,Perform executive see project.,open,2026-03-03,
12,26,erinpierce,Choose man soldier wall.,merged,2024-10-29,2024-11-01
13,9,fuenteslaura,Decide another adult thing.,merged,2025-07-22,2025-07-26
14,2,jacqueline89,Company teacher me southern.,closed,2025-04-13,
15,11,nhahn,Pay building difference.,closed,2025-03-30,
16,3,mjones,Size show show news to.,open,2025-01-31,
17,17,vrasmussen,Page bit anyone watch sometimes while.,closed,2026-04-11,
18,40,erinpierce,Sit participant teach.,closed,2026-01-30,
19,4,rodriguezjohn,Among black picture that treat church.,closed,2024-10-09,
20,2,erinpierce,Seven marriage that child hair.,merged,2025-02-25,2025-03-08
21,8,mjones,Summer keep indeed.,closed,2026-03-17,
22,25,nhahn,Strong list expert commercial.,open,2026-02-09,
23,17,iaguilar,Guess professor charge send instead.,closed,2025-02-06,
24,10,fuenteslaura,Including important learn system some.,closed,2025-01-09,
25,1,ichambers,Kind show response.,closed,2025-04-17,
26,7,rodriguezjohn,Be fire word.,open,2025-08-09,
27,18,jacqueline89,Hotel also two.,closed,2024-11-24,
28,9,mjones,Around place require produce mind fast.,closed,2024-11-14,
29,40,nhahn,Them return finish general still too.,merged,2025-05-16,2025-05-25
30,8,vrasmussen,Record land day.,open,2025-10-16,
31,13,jacqueline89,Present recently thought sit identify culture.,merged,2025-08-28,2025-09-05
32,17,grodriguez,Mr hope rest.,merged,2025-03-04,2025-03-17
33,13,john26,Yeah exist behavior necessary miss serious.,closed,2026-05-01,
34,27,ichambers,Three music else.,closed,2024-11-20,
35,36,iaguilar,Risk would book art.,merged,2026-03-27,2026-03-28
36,31,john26,Medical buy series walk large occur accept.,merged,2025-04-25,2025-05-07
37,1,rodriguezjohn,South writer not thus.,merged,2025-03-31,2025-04-01
38,37,rodriguezjohn,Suddenly doctor federal project spring of.,merged,2025-10-28,2025-10-30
39,10,nhahn,Mind easy foreign old state.,open,2024-11-06,
40,5,gabriel90,Chair international include.,closed,2025-04-17,
41,7,jeffrey88,Thousand live land hard moment.,closed,2024-10-02,
42,15,iaguilar,Single the once PM you ready.,open,2025-09-30,
43,17,iaguilar,Statement certain camera represent can.,open,2026-06-19,
44,12,grodriguez,Brother defense list second want hard.,merged,2025-12-24,2025-12-26
45,19,john26,System book hard face mission brother.,merged,2026-06-22,2026-07-06
46,21,mjones,Field magazine social central operation.,closed,2025-03-06,
47,8,nhahn,Threat democratic standard major.,closed,2024-08-31,
48,9,rodriguezjohn,Attack and loss finally laugh.,merged,2024-10-24,2024-10-25
49,11,john26,Little result paper seven measure.,closed,2025-03-30,
50,29,jacqueline89,Project chance road become person.,open,2025-06-28,
51,6,john26,Do house must when three.,open,2025-10-25,
52,12,nhahn,Tend religious occur.,open,2026-01-15,
53,26,iaguilar,Night buy nice court.,open,2026-02-28,
54,25,gabriel90,Serious whatever miss seek me affect.,open,2025-10-22,
55,27,rodriguezjohn,Conference affect skill early relationship thought.,open,2025-11-20,
56,9,gabriel90,Parent I and technology age join.,merged,2025-06-16,2025-06-18
57,4,grodriguez,Fish either boy between collection century.,closed,2025-05-26,
58,27,jeffrey88,Child weight question.,merged,2025-01-29,2025-01-31
59,31,vrasmussen,Consider require fear better central.,closed,2024-09-08,
60,29,ssalinas,Heart still building dark.,closed,2026-05-10,
61,25,vrasmussen,Door meet mean we especially five.,closed,2026-01-27,
62,40,erinpierce,Machine imagine do.,open,2025-09-04,
63,9,iaguilar,Never only big several.,closed,2026-05-05,
64,8,jeffrey88,Fight image base.,open,2025-11-15,
65,29,erinpierce,Situation central music collection.,open,2025-11-03,
66,21,erinpierce,Which new among spend which.,merged,2025-01-22,2025-01-27
67,34,vrasmussen,A value lot our.,closed,2025-10-23,
68,37,gabriel90,Yourself successful defense subject example.,closed,2026-04-01,
69,15,rodriguezjohn,None feel house but cause news.,closed,2024-11-21,
70,34,ystephens,Decision measure soon this war.,open,2025-02-16,
71,40,nhahn,Event production focus decision where.,closed,2025-11-03,
72,16,iaguilar,Position ability live.,open,2025-03-24,
73,25,ssalinas,Including time reflect several.,open,2026-05-16,
74,40,erinpierce,Much throughout staff.,closed,2025-08-24,
75,11,ystephens,Good spend still.,merged,2025-06-17,2025-06-28
76,32,grodriguez,Stuff speech worker by.,open,2025-04-14,
77,32,john26,Know develop after exactly.,merged,2025-04-23,2025-04-25
78,18,erinpierce,Course staff personal space determine.,merged,2026-05-31,2026-06-06
79,15,ystephens,Already manage region paper according.,closed,2026-07-13,
80,25,mjones,Book everyone matter color create.,closed,2026-07-16,
81,30,iaguilar,North assume campaign assume employee now.,merged,2026-01-18,2026-01-20
82,29,nhahn,Rock ever summer age wide question.,closed,2025-01-09,
83,29,john26,Third ability interview pull practice take.,open,2025-10-19,
84,2,nhahn,Ever quite level guess service.,merged,2025-03-20,2025-03-28
85,27,erinpierce,Another truth mother first.,open,2026-05-04,
86,36,erinpierce,Bank occur agent scene within.,closed,2025-05-09,
87,39,jacqueline89,True culture forget.,merged,2025-06-01,2025-06-14
88,20,jeffrey88,Benefit lose space or phone free economy.,closed,2024-09-10,
89,36,fuenteslaura,When strategy start mind.,closed,2024-10-13,
90,30,john26,Simply people shake.,closed,2025-01-16,
91,4,grodriguez,By window true help three really.,open,2025-10-27,
92,30,john26,Try kind feeling.,merged,2026-02-19,2026-03-05
93,40,jacqueline89,Big argue appear.,closed,2025-10-27,
94,24,gabriel90,Benefit sell do outside process.,open,2026-04-09,
95,8,nhahn,Less into per big prepare.,open,2024-08-03,
96,15,erinpierce,Law foreign court.,closed,2025-12-02,
97,23,grodriguez,Require or subject toward call meeting.,open,2024-10-10,
98,19,ystephens,Right know during someone art find.,closed,2025-04-12,
99,24,gabriel90,Find those simply challenge final.,closed,2025-06-10,
100,11,iaguilar,Wife military price certain down.,merged,2025-04-03,2025-04-04
101,27,nhahn,Teach instead crime customer training size.,merged,2026-03-17,2026-03-31
102,40,fuenteslaura,Reason word outside former official white.,open,2025-04-02,
103,26,fuenteslaura,Forget bit then treat many.,merged,2025-10-20,2025-10-22
104,13,gabriel90,Really level defense lose.,open,2026-05-30,
105,7,vrasmussen,Southern heavy hundred step according.,open,2026-02-08,
106,3,jeffrey88,Air boy fact create one.,open,2024-08-03,
107,38,nhahn,Wish current exist.,closed,2026-02-06,
108,30,rodriguezjohn,Responsibility fund never condition.,open,2025-01-03,
109,33,ssalinas,Treat again quality her.,closed,2024-08-11,
110,1,ystephens,Full decision lay.,open,2026-02-22,
111,4,ystephens,Produce wait with young think.,closed,2025-04-23,
112,38,iaguilar,Budget third capital.,open,2026-04-30,
113,12,gabriel90,Her hear outside with each animal.,closed,2024-12-12,
114,12,gabriel90,Take family chance easy.,closed,2025-10-20,
115,25,rodriguezjohn,Their surface why though.,merged,2025-10-30,2025-11-01
116,39,jeffrey88,Six social past.,closed,2024-12-26,
117,33,jeffrey88,Seem population meeting material less.,open,2024-11-26,
118,27,jacqueline89,Moment low what listen ok.,open,2025-03-19,
119,16,ichambers,Power debate thus later doctor despite.,closed,2025-11-05,
120,22,ichambers,Number very hear nearly care.,open,2025-06-02,
121,9,ssalinas,Million discover American mention from.,open,2024-09-26,
122,39,gabriel90,Important source first him conference.,open,2025-06-21,
123,33,ichambers,Grow bar successful.,closed,2025-01-13,
124,36,grodriguez,Skill unit better.,closed,2025-08-05,
125,36,rodriguezjohn,National free push.,open,2024-09-17,
126,14,jacqueline89,Course page case talk.,merged,2025-01-25,2025-01-29
127,19,rodriguezjohn,Treatment across federal state situation identify.,closed,2026-01-01,
128,9,gabriel90,Serious activity pressure writer week tend.,open,2025-05-19,
129,12,ystephens,Listen middle skill serious.,closed,2025-01-09,
130,21,gabriel90,Future beat suffer investment walk.,closed,2026-01-06,
131,23,ystephens,Last next hear officer campaign.,merged,2025-05-28,2025-06-10
132,38,jacqueline89,Matter probably great.,open,2026-06-16,
133,27,rodriguezjohn,Rate idea single Mrs for.,closed,2025-01-07,
134,35,ichambers,Two child well.,closed,2024-08-12,
135,1,ystephens,Sometimes trial off hospital high we as.,open,2025-03-25,
136,25,ssalinas,Board notice later thus behavior bit.,merged,2025-05-05,2025-05-06
137,4,fuenteslaura,Step owner agree.,merged,2025-09-04,2025-09-15
138,11,ichambers,Exist do process attorney arm.,open,2024-12-19,
139,17,ssalinas,Force travel hospital writer.,closed,2025-08-10,
140,19,fuenteslaura,Long attention western tend candidate.,merged,2024-10-29,2024-11-10
141,3,john26,Stand professor city offer financial.,closed,2024-12-24,
142,7,jacqueline89,Every account central ask human.,open,2024-12-22,
143,36,grodriguez,Forget notice make leg although before.,closed,2026-03-09,
144,36,mjones,Get successful society hospital statement.,merged,2025-11-11,2025-11-23
145,19,gabriel90,Eat tonight run leader treat.,merged,2026-04-09,2026-04-18
146,4,jeffrey88,Believe recognize analysis those citizen think.,closed,2024-12-08,
147,25,mjones,Recently reveal describe.,open,2025-08-24,
148,21,ystephens,Building hard sense mean single improve.,closed,2025-07-22,
149,17,fuenteslaura,Media left available reason.,merged,2024-11-24,2024-11-25
150,29,grodriguez,Gas human create also economy.,closed,2026-01-26,
151,24,vrasmussen,Force security machine.,merged,2025-12-27,2026-01-07
152,35,gabriel90,Prevent require just likely evidence claim.,closed,2024-09-14,
153,13,vrasmussen,Beyond family movement hospital back shake.,closed,2026-03-31,
154,13,ichambers,Key concern research.,closed,2025-12-04,
155,12,rodriguezjohn,Democratic recent student specific political respond.,open,2026-05-10,
156,12,gabriel90,Real know our any help.,merged,2026-05-13,2026-05-16
157,8,mjones,Hear draw before instead.,closed,2024-12-21,
158,18,ystephens,Star quite as when benefit.,merged,2026-07-20,2026-07-27
159,9,ssalinas,Right analysis mention spring.,open,2026-03-29,
160,17,erinpierce,Couple debate must voice building degree ground.,closed,2025-03-19,
161,30,gabriel90,Pressure activity defense detail price.,open,2024-11-30,
162,10,jeffrey88,Hard attack despite feeling out work.,merged,2025-02-15,2025-02-16
163,39,erinpierce,Social two notice edge behind food.,open,2024-10-09,
164,40,grodriguez,Question win really forward play.,closed,2025-10-31,
165,20,iaguilar,Within project attack adult treatment.,closed,2026-05-04,
166,36,john26,Political discussion onto write discussion pattern.,closed,2025-06-20,
167,21,ystephens,Door investment during bag.,merged,2026-05-13,2026-05-26
168,34,nhahn,Father charge daughter also type our.,merged,2024-11-04,2024-11-07
169,11,mjones,Care fish skin always social.,closed,2026-06-18,
170,35,mjones,Seek director run garden.,closed,2025-05-26,
171,15,jeffrey88,Trade professor eat.,merged,2024-12-24,2024-12-30
172,22,john26,Part high focus kind.,merged,2025-12-11,2025-12-22
173,19,fuenteslaura,Attorney court plant center daughter begin.,open,2024-07-31,
174,34,iaguilar,Door back right find.,closed,2025-10-03,
175,1,nhahn,Interest paper field office.,closed,2026-01-05,
176,23,iaguilar,Even sit bag win.,closed,2026-07-04,
177,40,jeffrey88,Likely institution participant item.,merged,2025-05-14,2025-05-25
178,16,erinpierce,After high take serve TV organization.,closed,2024-11-17,
179,21,mjones,Either less law heart.,closed,2024-11-15,
180,17,ystephens,Four resource cultural.,merged,2025-10-13,2025-10-20
181,19,erinpierce,Actually may rise.,closed,2026-05-27,
182,24,ystephens,Wait wife health majority political.,closed,2025-07-21,
183,29,iaguilar,Those yeah buy usually class.,closed,2025-09-30,
184,13,john26,Side seem give remember.,merged,2026-02-04,2026-02-09
185,6,nhahn,Recent prepare unit save drug.,closed,2025-11-03,
186,35,ystephens,Piece put recently population end.,merged,2024-08-21,2024-09-03
187,5,fuenteslaura,Effect own weight.,merged,2025-06-24,2025-07-05
188,14,grodriguez,Bring begin represent.,closed,2026-04-03,
189,28,grodriguez,Wind ball travel then coach interview.,closed,2025-05-03,
190,35,grodriguez,Whose probably him final in then.,merged,2025-12-14,2025-12-18
191,28,rodriguezjohn,Body of something.,closed,2026-01-09,
192,10,erinpierce,See us huge final.,merged,2026-03-14,2026-03-26
193,22,erinpierce,Ability attorney recent modern pressure run.,open,2026-07-18,
194,4,ssalinas,Control care main me book.,merged,2024-11-28,2024-11-30
195,36,nhahn,Control arrive consumer service.,open,2025-09-14,
196,15,jeffrey88,Key tree body player bag.,closed,2025-02-01,
197,27,mjones,Everybody garden one.,open,2024-09-27,
198,26,mjones,Act entire western.,open,2025-07-11,
199,2,mjones,Best mission account.,open,2025-11-25,
200,8,ystephens,Usually list front investment.,closed,2025-10-10,
